pair_id,image_1,class_1,image_2,class_2,hamming_distance,is_cross_class_conflict,dhash_1,dhash_2
NEAR-00002,Mild_100.png,Mild,Mild_228.png,Mild,0,False,e7c4d4c5ade7c4cd,e7c4d4c5ade7c4cd
NEAR-00006,Mild_106.png,Mild,Mild_12.png,Mild,0,False,42666779332e2f4d,42666779332e2f4d
NEAR-00007,Mild_12.png,Mild,Normal_Skin_429.png,Normal,0,True,42666779332e2f4d,42666779332e2f4d
NEAR-00008,Mild_122.png,Mild,Mild_17.png,Mild,0,False,78ab9389ba7173ba,78ab9389ba7173ba
NEAR-00009,Mild_123.png,Mild,Mild_7.png,Mild,0,False,73767dbb3979692d,73767dbb3979692d
NEAR-00010,Mild_15.png,Mild,Mild_84.png,Mild,0,False,fcbad1d0d3b29334,fcbad1d0d3b29334
NEAR-00011,Mild_156.png,Mild,Mild_218.png,Mild,0,False,7d2d61811b49492a,7d2d61811b49492a
NEAR-00012,Mild_157.png,Mild,Mild_213.png,Mild,0,False,18326064a554564c,18326064a554564c
NEAR-00016,Mild_167.png,Mild,Mild_222.png,Mild,0,False,fbfbecdab3b75b79,fbfbecdab3b75b79
NEAR-00017,Mild_178.png,Mild,Mild_208.png,Mild,0,False,7643f2591a227363,7643f2591a227363
NEAR-00019,Mild_186.png,Mild,Mild_224.png,Mild,0,False,7a4d8c98cc3c330b,7a4d8c98cc3c330b
NEAR-00022,Mild_191.png,Mild,Mild_215.png,Mild,0,False,a39b09cd2d0dc4e4,a39b09cd2d0dc4e4
NEAR-00023,Mild_198.png,Mild,Mild_212.png,Mild,0,False,93643c34b4d4ca4b,93643c34b4d4ca4b
NEAR-00024,Mild_20.png,Mild,Mild_71.png,Mild,0,False,de5844484fa436b6,de5844484fa436b6
NEAR-00027,Mild_211.png,Mild,Mild_43.png,Mild,0,False,a3b4ada9b2fcf8ee,a3b4ada9b2fcf8ee
NEAR-00028,Mild_214.png,Mild,Severe_16.png,Severe,0,True,4ca43031a92c4447,4ca43031a92c4447
NEAR-00032,Mild_25.png,Mild,Severe_31.png,Severe,0,True,a797e577317367e3,a797e577317367e3
NEAR-00033,Mild_27.png,Mild,Mild_40.png,Mild,0,False,a8f333717373baae,a8f333717373baae
NEAR-00035,Mild_30.png,Mild,Mild_97.png,Mild,0,False,f37b79f175095666,f37b79f175095666
NEAR-00041,Normal_Skin_105.png,Normal,Normal_Skin_304.png,Normal,0,False,d8f1b1582c2c1eae,d8f1b1582c2c1eae
NEAR-00042,Normal_Skin_114.png,Normal,Normal_Skin_400.png,Normal,0,False,e864c2c9e3e3d9f9,e864c2c9e3e3d9f9
NEAR-00044,Normal_Skin_121.png,Normal,Normal_Skin_405.png,Normal,0,False,9a9376c4ccd4445c,9a9376c4ccd4445c
NEAR-00046,Normal_Skin_125.png,Normal,Normal_Skin_168.png,Normal,0,False,a28df8f074e0e8da,a28df8f074e0e8da
NEAR-00050,Normal_Skin_135.png,Normal,Normal_Skin_170.png,Normal,0,False,d22ba98c56b388a9,d22ba98c56b388a9
NEAR-00054,Normal_Skin_148.png,Normal,Normal_Skin_577.png,Normal,0,False,8ec4f0f99988db48,8ec4f0f99988db48
NEAR-00055,Normal_Skin_149.png,Normal,Normal_Skin_415.png,Normal,0,False,f834841616363646,f834841616363646
NEAR-00057,Normal_Skin_154.png,Normal,Normal_Skin_91.png,Normal,0,False,72b696ccc9637802,72b696ccc9637802
NEAR-00058,Normal_Skin_155.png,Normal,Normal_Skin_98.png,Normal,0,False,242429b9eb531924,242429b9eb531924
NEAR-00060,Normal_Skin_157.png,Normal,Normal_Skin_656.png,Normal,0,False,8ccdec706ca66cf0,8ccdec706ca66cf0
NEAR-00061,Normal_Skin_160.png,Normal,Normal_Skin_7.png,Normal,0,False,a6a3eb9ccd6d6860,a6a3eb9ccd6d6860
NEAR-00064,Normal_Skin_164.png,Normal,Normal_Skin_84.png,Normal,0,False,d45534a4a62626a6,d45534a4a62626a6
NEAR-00066,Normal_Skin_173.png,Normal,Normal_Skin_78.png,Normal,0,False,2e525889a94dcc9a,2e525889a94dcc9a
NEAR-00068,Normal_Skin_175.png,Normal,Normal_Skin_659.png,Normal,0,False,6665711b5f773506,6665711b5f773506
NEAR-00073,Normal_Skin_231.png,Normal,Normal_Skin_652.png,Normal,0,False,cb38698929743434,cb38698929743434
NEAR-00074,Normal_Skin_240.png,Normal,Normal_Skin_44.png,Normal,0,False,7cfc756510994145,7cfc756510994145
NEAR-00078,Normal_Skin_294.png,Normal,Normal_Skin_64.png,Normal,0,False,a62019392933b7bd,a62019392933b7bd
NEAR-00079,Normal_Skin_3.png,Normal,Normal_Skin_303.png,Normal,0,False,f4458595c9693b96,f4458595c9693b96
NEAR-00082,Normal_Skin_473.png,Normal,Normal_Skin_57.png,Normal,0,False,0d9e91a1a32708d1,0d9e91a1a32708d1
NEAR-00083,Normal_Skin_5.png,Normal,Normal_Skin_510.png,Normal,0,False,f2b0649206226276,f2b0649206226276
NEAR-00085,Normal_Skin_509.png,Normal,Normal_Skin_73.png,Normal,0,False,a3757033a79193ea,a3757033a79193ea
NEAR-00088,Normal_Skin_530.png,Normal,Normal_Skin_648.png,Normal,0,False,cccce97173fb9be4,cccce97173fb9be4
NEAR-00089,Normal_Skin_531.png,Normal,Normal_Skin_60.png,Normal,0,False,361c9c9c9e2c34d8,361c9c9c9e2c34d8
NEAR-00092,Normal_Skin_575.png,Normal,Normal_Skin_61.png,Normal,0,False,e28a9a1696b42646,e28a9a1696b42646
NEAR-00093,Normal_Skin_590.png,Normal,Normal_Skin_66.png,Normal,0,False,327239310715595b,327239310715595b
NEAR-00095,Normal_Skin_628.png,Normal,Normal_Skin_74.png,Normal,0,False,465127636377350b,465127636377350b
NEAR-00097,Normal_Skin_632.png,Normal,Normal_Skin_707.png,Normal,0,False,dd6b3ae26872fa68,dd6b3ae26872fa68
NEAR-00099,Severe_13.png,Severe,Severe_4.png,Severe,0,False,eb4b81556f2b1919,eb4b81556f2b1919
NEAR-00100,Severe_14.png,Severe,Severe_5.png,Severe,0,False,90b6c6c4c1d1313a,90b6c6c4c1d1313a
NEAR-00102,Severe_17.png,Severe,Severe_78.png,Severe,0,False,dddbc5edc3f576fe,dddbc5edc3f576fe
NEAR-00103,Severe_18.png,Severe,Severe_2.png,Severe,0,False,fe9f5e747071980c,fe9f5e747071980c
NEAR-00104,Severe_19.png,Severe,Severe_81.png,Severe,0,False,bcb86a60b052e4b4,bcb86a60b052e4b4
NEAR-00105,Severe_20.png,Severe,Severe_3.png,Severe,0,False,ee7ededfe6123ede,ee7ededfe6123ede
NEAR-00107,Severe_37.png,Severe,Severe_88.png,Severe,0,False,44cc497b135bc2e2,44cc497b135bc2e2
NEAR-00110,Severe_51.png,Severe,Severe_80.png,Severe,0,False,f8b8b8f9b9bcee68,f8b8b8f9b9bcee68
NEAR-00111,Severe_6.png,Severe,Severe_70.png,Severe,0,False,d8fb2e5b4b686b4b,d8fb2e5b4b686b4b
NEAR-00112,Severe_64.png,Severe,Severe_91.png,Severe,0,False,909026246866264d,909026246866264d
NEAR-00113,Severe_67.png,Severe,Severe_7.png,Severe,0,False,1d9b132ba97bf7be,1d9b132ba97bf7be
NEAR-00001,Mild_10.png,Mild,Mild_147.png,Mild,1,False,a8390e2225bd8d65,a0390e2225bd8d65
NEAR-00004,Mild_102.png,Mild,Severe_84.png,Severe,1,True,c6445c4e287c1030,c6445c4e287c10b0
NEAR-00005,Mild_105.png,Mild,Mild_32.png,Mild,1,False,33d1e1d1d088cc48,33d1c1d1d088cc48
NEAR-00015,Mild_161.png,Mild,Mild_216.png,Mild,1,False,4848cccc899327e3,4848ccccc99327e3
NEAR-00018,Mild_179.png,Mild,Mild_29.png,Mild,1,False,49b92f8b9b8fa92f,49b92f8b9b8fa927
NEAR-00020,Mild_19.png,Mild,Mild_57.png,Mild,1,False,8bc53f5c33b96726,8bc73f5c33b96726
NEAR-00025,Mild_209.png,Mild,Normal_Skin_347.png,Normal,1,True,b36e6e6bcd941436,b36e6e6bcd941416
NEAR-00026,Mild_210.png,Mild,Mild_68.png,Mild,1,False,a42d716b96c4e4e1,a42d716b96c4e4e0
NEAR-00029,Mild_216.png,Mild,Normal_Skin_588.png,Normal,1,True,4848ccccc99327e3,4848cccc899327e3
NEAR-00030,Mild_220.png,Mild,Mild_76.png,Mild,1,False,8c5fcb9171787364,8c5fcb91717873e4
NEAR-00037,Mild_80.png,Mild,Severe_79.png,Severe,1,True,1cb3ab92998b19e5,1cf3ab92998b19e5
NEAR-00039,Normal_Skin_100.png,Normal,Normal_Skin_158.png,Normal,1,False,64dad2d0986468f0,6cdad2d0986468f0
NEAR-00040,Normal_Skin_101.png,Normal,Normal_Skin_475.png,Normal,1,False,6d6859d17054e752,6c6859d17054e752
NEAR-00043,Normal_Skin_118.png,Normal,Normal_Skin_178.png,Normal,1,False,66391932735afc37,663919327b5afc37
NEAR-00045,Normal_Skin_122.png,Normal,Normal_Skin_263.png,Normal,1,False,7670c06376163a1a,6670c06376163a1a
NEAR-00047,Normal_Skin_127.png,Normal,Normal_Skin_166.png,Normal,1,False,7f7d56561e19094d,7b7d56561e19094d
NEAR-00048,Normal_Skin_132.png,Normal,Normal_Skin_541.png,Normal,1,False,e870362b21290101,e872362b21290101
NEAR-00049,Normal_Skin_133.png,Normal,Normal_Skin_172.png,Normal,1,False,0c9c1ec6b0121288,0c1c1ec6b0121288
NEAR-00051,Normal_Skin_138.png,Normal,Normal_Skin_626.png,Normal,1,False,0d105812b2a05959,0d105812baa05959
NEAR-00053,Normal_Skin_143.png,Normal,Normal_Skin_159.png,Normal,1,False,598cb6b434140d1a,5d8cb6b434140d1a
NEAR-00059,Normal_Skin_156.png,Normal,Normal_Skin_30.png,Normal,1,False,69f29617a8bcdde5,69f29613a8bcdde5
NEAR-00062,Normal_Skin_162.png,Normal,Normal_Skin_69.png,Normal,1,False,0f2ce866c6d9a333,0f2ce866c699a333
NEAR-00063,Normal_Skin_163.png,Normal,Normal_Skin_713.png,Normal,1,False,81880e221644fc1c,c1880e221644fc1c
NEAR-00065,Normal_Skin_171.png,Normal,Normal_Skin_54.png,Normal,1,False,fb37863a9c8ca868,fb37861a9c8ca868
NEAR-00069,Normal_Skin_176.png,Normal,Normal_Skin_79.png,Normal,1,False,06158c9e4ed29613,06158c9e4ed09613
NEAR-00072,Normal_Skin_221.png,Normal,Normal_Skin_89.png,Normal,1,False,344c8cecec642666,344c8cec6c642666
NEAR-00077,Normal_Skin_27.png,Normal,Normal_Skin_598.png,Normal,1,False,c887bcc8cc87a3f4,c807bcc8cc87a3f4
NEAR-00080,Normal_Skin_373.png,Normal,Normal_Skin_83.png,Normal,1,False,fd696b89cb6f249c,bd696b89cb6f249c
NEAR-00081,Normal_Skin_401.png,Normal,Normal_Skin_82.png,Normal,1,False,c5961e488acb6951,c5961e488aeb6951
NEAR-00087,Normal_Skin_512.png,Normal,Normal_Skin_662.png,Normal,1,False,bc2773763eddcd98,fc2773763eddcd98
NEAR-00094,Normal_Skin_621.png,Normal,Normal_Skin_685.png,Normal,1,False,f1dc7cfcd852d0d4,f1dc7cfcd850d0d4
NEAR-00096,Normal_Skin_630.png,Normal,Normal_Skin_698.png,Normal,1,False,31c34bc9c96dcb61,31c34bc9c92dcb61
NEAR-00098,Severe_1.png,Severe,Severe_48.png,Severe,1,False,7363095339971ac6,7363095339971bc6
NEAR-00101,Severe_15.png,Severe,Severe_76.png,Severe,1,False,524098b020212226,524298b020212226
NEAR-00106,Severe_36.png,Severe,Severe_83.png,Severe,1,False,316f746cc13010f5,316f746cc13010f7
NEAR-00108,Severe_39.png,Severe,Severe_85.png,Severe,1,False,377761d543c3cd8d,377761d543e3cd8d
NEAR-00114,Severe_72.png,Severe,Severe_89.png,Severe,1,False,b1237330b29a2b0a,b1237330929a2b0a
NEAR-00115,Severe_72.png,Severe,Severe_90.png,Severe,1,False,b1237330b29a2b0a,b1237330929a2b0a
NEAR-00003,Mild_100.png,Mild,Mild_54.png,Mild,2,False,e7c4d4c5ade7c4cd,e7c4d0c5ace7c4cd
NEAR-00021,Mild_190.png,Mild,Mild_33.png,Mild,2,False,0c45838c161a3934,0c45838c161a3994
NEAR-00031,Mild_228.png,Mild,Mild_54.png,Mild,2,False,e7c4d4c5ade7c4cd,e7c4d0c5ace7c4cd
NEAR-00038,Mild_92.png,Mild,Severe_77.png,Severe,2,True,1cd2a92b92979981,1cd2a92b93979983
NEAR-00056,Normal_Skin_153.png,Normal,Normal_Skin_708.png,Normal,2,False,ccb2164c46c7c7e9,8cb2964c46c7c7e9
NEAR-00067,Normal_Skin_174.png,Normal,Normal_Skin_715.png,Normal,2,False,b3e594584d94248c,b3d594584d94248c
NEAR-00071,Normal_Skin_207.png,Normal,Normal_Skin_87.png,Normal,2,False,616c42cfcbf2f6e0,616c42c7cbb2f6e0
NEAR-00075,Normal_Skin_249.png,Normal,Normal_Skin_90.png,Normal,2,False,2f6b9b63e6dcf0e0,0f6bdb63e6dcf0e0
NEAR-00084,Normal_Skin_5.png,Normal,Severe_11.png,Severe,2,True,f2b0649206226276,f2b2649a06226276
NEAR-00086,Normal_Skin_510.png,Normal,Severe_11.png,Severe,2,True,f2b0649206226276,f2b2649a06226276
NEAR-00090,Normal_Skin_543.png,Normal,Normal_Skin_9.png,Normal,2,False,3f9bd0ba9a696d8b,3f9fd09a9a696d8b
NEAR-00091,Normal_Skin_565.png,Normal,Normal_Skin_712.png,Normal,2,False,4743a6963636b627,c743a6963636b626
NEAR-00109,Severe_43.png,Severe,Severe_71.png,Severe,2,False,c8e8c0c060108080,c8e0c0c060100080
NEAR-00034,Mild_3.png,Mild,Mild_58.png,Mild,3,False,98f0206061d3b304,98a0206061d3f304
NEAR-00036,Mild_6.png,Mild,Mild_96.png,Mild,3,False,c9e99811211197bf,c9c91811211397bf
NEAR-00070,Normal_Skin_202.png,Normal,Normal_Skin_340.png,Normal,3,False,0b1b09491b535f59,0b9909491bd35f59
NEAR-00013,Mild_16.png,Mild,Mild_27.png,Mild,4,False,a8f133717373bbba,a8f333717373baae
NEAR-00014,Mild_16.png,Mild,Mild_40.png,Mild,4,False,a8f133717373bbba,a8f333717373baae
NEAR-00052,Normal_Skin_142.png,Normal,Normal_Skin_505.png,Normal,4,False,00dcd45793838900,00b8d45793838d00
NEAR-00076,Normal_Skin_267.png,Normal,Normal_Skin_59.png,Normal,4,False,fb3737646466d6df,ff7337646466dedf
