group_id,sha256_hash,file_count,inferred_classes,is_cross_class_conflict,filenames,file_paths
EXACT-0001,9b9da63ee043888488f29e3a9a38d391ce24c8d39496bbea548fabdae68ff5fe,7,Mild,False,Mild1000.png;Mild1269.png;Mild1389.png;Mild754.png;Mild821.png;Mild871.png;Mild989.png,Mild1000.png;Mild1269.png;Mild1389.png;Mild754.png;Mild821.png;Mild871.png;Mild989.png
EXACT-0002,fab1bed11f09d63646bd3cb513f72b03c2f21101db70e489df20eef4320dc6ce,3,Mild,False,Mild1001.png;Mild755.png;Mild774.png,Mild1001.png;Mild755.png;Mild774.png
EXACT-0003,cf0decc97e5f837e8fb407fc33383b47dc401e442fd6d13ef6ce401534072a2f,6,Mild;Normal,True,Mild1002.png;Mild1056.png;Mild1186.png;Mild1257.png;Mild918.png;Normal450.png,Mild1002.png;Mild1056.png;Mild1186.png;Mild1257.png;Mild918.png;Normal450.png
EXACT-0004,b7f8771bb6ea5f56ff09d3aea5fb98d35fedc4b8eb07d24d854aff37bc2bd651,4,Mild,False,Mild1003.png;Mild1023.png;Mild808.png;Mild848.png,Mild1003.png;Mild1023.png;Mild808.png;Mild848.png
EXACT-0005,f43fc5c5b7bb167effa2285ceae8d21e65d321a67922e8243bcd06764953be93,4,Mild,False,Mild1004.png;Mild749.png;Mild773.png;Mild778.png,Mild1004.png;Mild749.png;Mild773.png;Mild778.png
EXACT-0006,7ead06d9e410bcb05ba05cd1e587bb9f4a9fdcd5b73dd16ea2f988f02dc1641a,2,Mild,False,Mild1005.png;Mild1255.png,Mild1005.png;Mild1255.png
EXACT-0007,1694eb140542c6358d4244b27d58b01fc92cfe834ff1f0c1740c785a3f2a47ad,5,Mild,False,Mild1006.png;Mild1119.png;Mild1275.png;Mild723.png;Mild838.png,Mild1006.png;Mild1119.png;Mild1275.png;Mild723.png;Mild838.png
EXACT-0008,0da192010bb778f88a76afa4a6edf65fb32cb0c63121533a6f1718660367099b,5,Mild,False,Mild1007.png;Mild1088.png;Mild715.png;Mild791.png;Mild958.png,Mild1007.png;Mild1088.png;Mild715.png;Mild791.png;Mild958.png
EXACT-0009,cff99478a8aca7e771c84ce5d9bc89d87a87c65477964072f74ad44236ab06bb,6,Mild,False,Mild1008.png;Mild1194.png;Mild1287.png;Mild1351.png;Mild731.png;Mild887.png,Mild1008.png;Mild1194.png;Mild1287.png;Mild1351.png;Mild731.png;Mild887.png
EXACT-0010,91da1a6525367f8ea5d74d4cb820be182023c86e6e927b0a7eda38d1fc84bf01,2,Mild,False,Mild1009.png;Mild701.png,Mild1009.png;Mild701.png
EXACT-0011,79a23e8d7da17969734b931738eec52b2eed2c76c6a6c6bc91822f668b115c8b,2,Mild,False,Mild1010.png;Mild1172.png,Mild1010.png;Mild1172.png
EXACT-0012,5e7f7a97890fb39f597c3fe57920006e44bbded6e63c04d569756084cfa06512,5,Mild,False,Mild1011.png;Mild1261.png;Mild1392.png;Mild777.png;Mild945.png,Mild1011.png;Mild1261.png;Mild1392.png;Mild777.png;Mild945.png
EXACT-0013,47ba19e3757d5e0c7add95ebc2058ea144eb8736d4da15972d52fd0b22128124,2,Mild,False,Mild1012.png;Mild1068.png,Mild1012.png;Mild1068.png
EXACT-0014,0903b27e6b764f7cbe77644b0c46f2e6c91926858c43c20e33b39e7d63454aca,4,Mild,False,Mild1013.png;Mild1147.png;Mild1331.png;Mild991.png,Mild1013.png;Mild1147.png;Mild1331.png;Mild991.png
EXACT-0015,2e1e91dea15104c6c9e5ab45d01a48c4e79ddd7853e2773bf4959042faf031ff,5,Mild,False,Mild1014.png;Mild1087.png;Mild1311.png;Mild931.png;Mild953.png,Mild1014.png;Mild1087.png;Mild1311.png;Mild931.png;Mild953.png
EXACT-0016,5d9fcf9ac898ca09231f5b5e21a4a54a239957183fd5eeaf1f49a9c2e4605780,10,Mild,False,Mild1015.png;Mild1048.png;Mild1053.png;Mild1152.png;Mild1153.png;Mild1178.png;Mild1213.png;Mild1217.png;Mild725.png;Mild769.png,Mild1015.png;Mild1048.png;Mild1053.png;Mild1152.png;Mild1153.png;Mild1178.png;Mild1213.png;Mild1217.png;Mild725.png;Mild769.png
EXACT-0017,cca46aec3898ca45dd0c45e9063f36f37cd7687cf53cc7f1e564ee57a62e547b,4,Mild,False,Mild1016.png;Mild1072.png;Mild1201.png;Mild1339.png,Mild1016.png;Mild1072.png;Mild1201.png;Mild1339.png
EXACT-0018,ab9fa953b9b6380c4b4c96125410933783681e08085bc1b915c83fa9e4665fdc,3,Mild,False,Mild1017.png;Mild1322.png;Mild874.png,Mild1017.png;Mild1322.png;Mild874.png
EXACT-0019,32a38e2813b422cf6d5b3d68374a241afa78322526dac7efcd164518e1eb1757,5,Mild,False,Mild1018.png;Mild1070.png;Mild1133.png;Mild779.png;Mild979.png,Mild1018.png;Mild1070.png;Mild1133.png;Mild779.png;Mild979.png
EXACT-0020,ca2a71bba4036ea8e12c70cd3ae06d94c0e4342f0e28d43792d7ba43082a030f,4,Mild,False,Mild1019.png;Mild708.png;Mild831.png;Mild877.png,Mild1019.png;Mild708.png;Mild831.png;Mild877.png
EXACT-0021,e0b73ff8fc4d46446f86a5d8fed490a9fea3f8dc6fc7f6be927df79ebd4f5004,2,Mild,False,Mild1020.png;Mild948.png,Mild1020.png;Mild948.png
EXACT-0022,ddf40ac8e7fb65f7b9d4be0941ca27ed83662a06ebde3494deb410dc5ec04971,2,Mild,False,Mild1021.png;Mild1049.png,Mild1021.png;Mild1049.png
EXACT-0023,532f620d2602f11a83bef8db6622f14b8a8ee2d043bb35bcdd602b14ccc6bb0c,2,Mild,False,Mild1022.png;Mild929.png,Mild1022.png;Mild929.png
EXACT-0024,b1d9d7548399b13124c4e5980c1c91f9e3e2bb8f6807c565ca6dcfbba7636434,3,Mild,False,Mild1024.png;Mild757.png;Mild973.png,Mild1024.png;Mild757.png;Mild973.png
EXACT-0025,666dded66324ca17dfb456d589c99cf27f5bf06c192817e989c2ea9a2451da9c,2,Mild,False,Mild1025.png;Mild1320.png,Mild1025.png;Mild1320.png
EXACT-0026,9f25852927af9857302cc703c5171df8a0cde820eae327dcae7c175a451e6031,5,Mild,False,Mild1026.png;Mild1156.png;Mild1191.png;Mild1272.png;Mild753.png,Mild1026.png;Mild1156.png;Mild1191.png;Mild1272.png;Mild753.png
EXACT-0027,42fe482a113ff7399631119d9df4ea1a4a51d575f612c44753167b8e19a0a855,4,Mild,False,Mild1027.png;Mild1037.png;Mild1281.png;Mild855.png,Mild1027.png;Mild1037.png;Mild1281.png;Mild855.png
EXACT-0028,8d401798d7bca787a59c9a0157d3f3009b223d2f8a6dcda2b227db8219d83e82,2,Mild,False,Mild1028.png;Mild1180.png,Mild1028.png;Mild1180.png
EXACT-0029,11c95e9b80e1ba345a4169ccd5e7ece8a3ffd2a6363a06d925e374cd27152d61,2,Mild,False,Mild1029.png;Mild986.png,Mild1029.png;Mild986.png
EXACT-0030,9905a03b249443571c8f2f127a911305de4ae92404239d0e56cb065ce33ee6f4,3,Mild,False,Mild1030.png;Mild1174.png;Mild897.png,Mild1030.png;Mild1174.png;Mild897.png
EXACT-0031,79b48f5c0fe08bedc9162772b29827377ed7f3af80319db392514e7643943925,3,Mild,False,Mild1031.png;Mild892.png;Mild919.png,Mild1031.png;Mild892.png;Mild919.png
EXACT-0032,fb8440c6a1df31b060dfa25db4be9b8a57cd619842ab7730e2628e5302d962e7,3,Mild,False,Mild1032.png;Mild1159.png;Mild733.png,Mild1032.png;Mild1159.png;Mild733.png
EXACT-0033,e9fdf1a73eadf7f45125bcc47a8315a0a7e92d4fa170f11f8087bdff9a2a3eea,5,Mild,False,Mild1033.png;Mild1071.png;Mild1145.png;Mild1243.png;Mild1283.png,Mild1033.png;Mild1071.png;Mild1145.png;Mild1243.png;Mild1283.png
EXACT-0034,70f24f9332c29e19fc2d23332a0f6b95e41cbf6759a97efa99f55247856b28b6,4,Mild,False,Mild1034.png;Mild1246.png;Mild1250.png;Mild914.png,Mild1034.png;Mild1246.png;Mild1250.png;Mild914.png
EXACT-0035,9be00d3ae2756860154e78f1dd911577513aa2433df5160d8b9ea88c41aa55ad,2,Mild,False,Mild1035.png;Mild1256.png,Mild1035.png;Mild1256.png
EXACT-0036,d32848a08e9f1e5cc5011931c361792f895113a99293eb4dc525f993d9a6b93f,5,Mild,False,Mild1036.png;Mild1044.png;Mild1149.png;Mild1163.png;Mild1199.png,Mild1036.png;Mild1044.png;Mild1149.png;Mild1163.png;Mild1199.png
EXACT-0037,2dad5dad95ff9daecf5e748c0d02d066b3a644df5607992e81521a7f561b25dc,5,Mild,False,Mild1038.png;Mild1127.png;Mild1381.png;Mild1388.png;Mild717.png,Mild1038.png;Mild1127.png;Mild1381.png;Mild1388.png;Mild717.png
EXACT-0038,6d81f1accbfc9f9588f31bd4bfb9d89867d5148933580f7555f0943789eeb7b1,4,Mild,False,Mild1039.png;Mild743.png;Mild900.png;Mild912.png,Mild1039.png;Mild743.png;Mild900.png;Mild912.png
EXACT-0039,79341d21780fef06c9e697442af8183e7a15746174ca21da2e56fae6259e26dd,3,Mild,False,Mild1040.png;Mild1114.png;Mild946.png,Mild1040.png;Mild1114.png;Mild946.png
EXACT-0040,28c08b1b5366098665b8220a9aa807deee4c337cc3c9d2b1e739352a06ec360c,3,Mild,False,Mild1041.png;Mild1364.png;Mild787.png,Mild1041.png;Mild1364.png;Mild787.png
EXACT-0041,32168379dfec0fe635d6552b963c6a65526e53f4eae75c9daf2aa0bde876b3e3,3,Mild,False,Mild1042.png;Mild1181.png;Mild950.png,Mild1042.png;Mild1181.png;Mild950.png
EXACT-0042,d39ab7d6adcef13539369b4a277966bde8ea36bff4a3396872a7dd11cb054f14,3,Mild,False,Mild1043.png;Mild1325.png;Mild997.png,Mild1043.png;Mild1325.png;Mild997.png
EXACT-0043,50ecdf59c68e10128ae913bc16c0cfeea67d4b888bce9ef68a5915c9b218ca81,6,Mild,False,Mild1045.png;Mild1124.png;Mild1222.png;Mild1224.png;Mild729.png;Mild954.png,Mild1045.png;Mild1124.png;Mild1222.png;Mild1224.png;Mild729.png;Mild954.png
EXACT-0044,5d880457c795818350d625cc21059728478677d677c1e3b43af613e182b1e5b3,5,Mild,False,Mild1046.png;Mild1220.png;Mild1299.png;Mild1318.png;Mild996.png,Mild1046.png;Mild1220.png;Mild1299.png;Mild1318.png;Mild996.png
EXACT-0045,18b53c3b036cf8dd14f703c30a683f0219c2ed8d4782edb2006b453662ebfbba,4,Mild,False,Mild1047.png;Mild1111.png;Mild1326.png;Mild804.png,Mild1047.png;Mild1111.png;Mild1326.png;Mild804.png
EXACT-0046,2147476a5a7d5e04584043481cf6320283e54efa8ecc0b3f98e7612220c1a226,4,Mild,False,Mild1050.png;Mild1116.png;Mild1122.png;Mild884.png,Mild1050.png;Mild1116.png;Mild1122.png;Mild884.png
EXACT-0047,ceac74a3c8234924b62fe6b36693eba7d9cbed504f87a99ab24184dafa93d2e1,9,Mild,False,Mild1051.png;Mild1052.png;Mild1138.png;Mild1143.png;Mild805.png;Mild899.png;Mild934.png;Mild971.png;Mild992.png,Mild1051.png;Mild1052.png;Mild1138.png;Mild1143.png;Mild805.png;Mild899.png;Mild934.png;Mild971.png;Mild992.png
EXACT-0048,8c03c1f9a4efa8245a0c9f35d534f1b147c97f5b4dd5396cd992a229e98f54de,3,Mild,False,Mild1054.png;Mild1092.png;Mild1330.png,Mild1054.png;Mild1092.png;Mild1330.png
EXACT-0049,9310db8621864a03f0ad66cad27e3bfbabc92fd7bb13b83d442fa8ba6b5ff681,4,Mild,False,Mild1055.png;Mild1369.png;Mild786.png;Mild790.png,Mild1055.png;Mild1369.png;Mild786.png;Mild790.png
EXACT-0050,d2a16fa6e0bcbd323dbb58c2dbb2dbaf6cc0903d35b19b80793f58ac04b2befb,3,Mild,False,Mild1057.png;Mild1354.png;Mild906.png,Mild1057.png;Mild1354.png;Mild906.png
EXACT-0051,1579fdb136aad94c6fd3f3ff437a87bdff17b6a9aca9f5ff15087422bc537861,2,Mild,False,Mild1058.png;Mild967.png,Mild1058.png;Mild967.png
EXACT-0052,1a7de638f42c260f0e1ca6a8b8f93b9d2ce4b6da09af95234461998463ca36a0,4,Mild,False,Mild1059.png;Mild1258.png;Mild1298.png;Mild1363.png,Mild1059.png;Mild1258.png;Mild1298.png;Mild1363.png
EXACT-0053,4e2daa8b717a0568d2693a761f99bb88ddb4d184ac987dabcbce1be4aaa0c287,8,Mild,False,Mild1060.png;Mild1098.png;Mild1112.png;Mild1121.png;Mild1296.png;Mild1365.png;Mild1382.png;Mild1386.png,Mild1060.png;Mild1098.png;Mild1112.png;Mild1121.png;Mild1296.png;Mild1365.png;Mild1382.png;Mild1386.png
EXACT-0054,dead754d89bc2ed07f389a98acfb3aaec12988fba88cae3936c2ad5a28da8b40,4,Mild,False,Mild1061.png;Mild1167.png;Mild1189.png;Mild816.png,Mild1061.png;Mild1167.png;Mild1189.png;Mild816.png
EXACT-0055,b52ccee2649975779ac8eb02ed0b1afb06cb1d69201a15f1f8254e6b6bd0bcdb,2,Mild,False,Mild1062.png;Mild1109.png,Mild1062.png;Mild1109.png
EXACT-0056,9fd08e5a2feb7f8232700a3458a11baaa20b51767c4646867240e6d46038883a,3,Mild,False,Mild1063.png;Mild1154.png;Mild1291.png,Mild1063.png;Mild1154.png;Mild1291.png
EXACT-0057,b83f37be34ad6519ffdd1a32b7cedf801e693977a45097d7c9f747756d686581,7,Mild,False,Mild1064.png;Mild1310.png;Mild738.png;Mild872.png;Mild879.png;Mild881.png;Mild889.png,Mild1064.png;Mild1310.png;Mild738.png;Mild872.png;Mild879.png;Mild881.png;Mild889.png
EXACT-0058,81caac13aba9b1fbd060f2bc2d3bbf48b860a1d58d196b63439a054087ae9322,3,Mild,False,Mild1065.png;Mild730.png;Mild770.png,Mild1065.png;Mild730.png;Mild770.png
EXACT-0059,073026ad103f4327f2152d32482d1fc63795f6070e84c1ce58c3cd6abf04964a,2,Mild,False,Mild1067.png;Mild980.png,Mild1067.png;Mild980.png
EXACT-0060,f84c21e21c5531cb34124c4b1e72f8cc587652c3340575331d3fc6900500cff8,4,Mild,False,Mild1069.png;Mild1278.png;Mild857.png;Mild925.png,Mild1069.png;Mild1278.png;Mild857.png;Mild925.png
EXACT-0061,62d56eb430723a95972099cebdaec25b6d7254f6341c8771e70ad7f3bef33b12,7,Mild,False,Mild1073.png;Mild1075.png;Mild1104.png;Mild1175.png;Mild1294.png;Mild794.png;Mild976.png,Mild1073.png;Mild1075.png;Mild1104.png;Mild1175.png;Mild1294.png;Mild794.png;Mild976.png
EXACT-0062,55071e2d1ff57a8bf7a13d1734fa59f3ca554c75d73a0d0e41fa09846317840e,2,Mild,False,Mild1074.png;Mild1176.png,Mild1074.png;Mild1176.png
EXACT-0063,cc58f06945878c7c2594865540c9368f8111c6c39abff86314e741cf60726645,6,Mild,False,Mild1076.png;Mild1106.png;Mild1356.png;Mild859.png;Mild898.png;Mild984.png,Mild1076.png;Mild1106.png;Mild1356.png;Mild859.png;Mild898.png;Mild984.png
EXACT-0064,c47032bb4a0fec1c62b5d09d0d656e7bacc260cdf1bbddac9ef738c8430de657,4,Mild,False,Mild1077.png;Mild1340.png;Mild1380.png;Mild978.png,Mild1077.png;Mild1340.png;Mild1380.png;Mild978.png
EXACT-0065,eb4cb4f1097e9508dbce56dd85885837dbcab30db42f5ca759ba9707560f06b3,4,Mild,False,Mild1078.png;Mild1282.png;Mild1337.png;Mild824.png,Mild1078.png;Mild1282.png;Mild1337.png;Mild824.png
EXACT-0066,64b0fd30c5a6cd253ad766cce6ab0ebef2b4b8c35690d274a7269690407522fb,3,Mild,False,Mild1079.png;Mild1131.png;Mild960.png,Mild1079.png;Mild1131.png;Mild960.png
EXACT-0067,dba498397a6818cdf8d1b857d6b6f62f27cf5cb5a5ae9ebbf3f2f4ce9cb9ba0a,3,Mild,False,Mild1080.png;Mild1248.png;Mild1277.png,Mild1080.png;Mild1248.png;Mild1277.png
EXACT-0068,e39e3db18649e0635e1cb63d19a48ebfb7b2885c9b9aa9deb2138cc2bd212cfb,3,Mild,False,Mild1081.png;Mild845.png;Mild957.png,Mild1081.png;Mild845.png;Mild957.png
EXACT-0069,0d5b888521357fbfd39356d74903c62d23450564e730cab255797abc93e0e79a,3,Mild,False,Mild1082.png;Mild1321.png;Mild999.png,Mild1082.png;Mild1321.png;Mild999.png
EXACT-0070,62fce2560bc2b457ffee1eb52021c42c2fdb0bca876566922e9fb1427e795543,2,Mild,False,Mild1083.png;Mild861.png,Mild1083.png;Mild861.png
EXACT-0071,edab7f79b9c20991806949445af884574255c1d3cc59bc59283cb0d9f4332de8,3,Mild,False,Mild1084.png;Mild706.png;Mild901.png,Mild1084.png;Mild706.png;Mild901.png
EXACT-0072,194e0c7f76612a0bcd7640211dd5a651d14521def6c12095328360549bd78aad,4,Mild,False,Mild1085.png;Mild1209.png;Mild1305.png;Mild809.png,Mild1085.png;Mild1209.png;Mild1305.png;Mild809.png
EXACT-0073,1146a3eacc505ea2c8779f5576c80ad789bc9bdd64d4867cff5f76d92dc30e18,4,Mild,False,Mild1086.png;Mild1108.png;Mild1139.png;Mild1196.png,Mild1086.png;Mild1108.png;Mild1139.png;Mild1196.png
EXACT-0074,0036d7cc3ea7521ba11a867775c7827da556969445110774978f28cf5df94ae0,3,Mild,False,Mild1089.png;Mild1171.png;Mild988.png,Mild1089.png;Mild1171.png;Mild988.png
EXACT-0075,2d918cf058d98b9dba62d04ba9f0331cca06fc3e0e184537296a5a35a0ca8c2c,5,Mild,False,Mild1090.png;Mild699.png;Mild783.png;Mild784.png;Mild974.png,Mild1090.png;Mild699.png;Mild783.png;Mild784.png;Mild974.png
EXACT-0076,9f305eb246fc0a2dac762cb343f3ed09c3012b35d1c5e71929a0ffeab957d27d,2,Mild,False,Mild1091.png;Mild1348.png,Mild1091.png;Mild1348.png
EXACT-0077,9383a4e035804585b8a2a29ccee3ffb150816aa8808fa9ca7241ef6282307e36,3,Mild,False,Mild1093.png;Mild1115.png;Mild944.png,Mild1093.png;Mild1115.png;Mild944.png
EXACT-0078,d4aa47a155afa1e578a9d306b1af614c630d4f756232629dc3d8ed1e9fc9b263,4,Mild,False,Mild1094.png;Mild1118.png;Mild1308.png;Mild985.png,Mild1094.png;Mild1118.png;Mild1308.png;Mild985.png
EXACT-0079,9d8b06ef02fd604d67ffd3abfceeb23ba644d3d2ba1518577ed9be20e866a260,5,Mild,False,Mild1095.png;Mild1253.png;Mild1312.png;Mild1391.png;Mild712.png,Mild1095.png;Mild1253.png;Mild1312.png;Mild1391.png;Mild712.png
EXACT-0080,35e37f4767641154a5a9e61d0381bf3a68bdcb01af1f7fec27850012e13d1911,5,Mild,False,Mild1097.png;Mild1126.png;Mild744.png;Mild844.png;Mild902.png,Mild1097.png;Mild1126.png;Mild744.png;Mild844.png;Mild902.png
EXACT-0081,8e02bdaed044c4bdafe94b1e0d5e9c23f0cb5dd8615dd6e1773a1118256dd846,8,Mild,False,Mild1099.png;Mild1142.png;Mild1148.png;Mild1230.png;Mild742.png;Mild768.png;Mild814.png;Mild910.png,Mild1099.png;Mild1142.png;Mild1148.png;Mild1230.png;Mild742.png;Mild768.png;Mild814.png;Mild910.png
EXACT-0082,c5a01041ccf77dfc012b11168c8961dad362c5f631453553bb9d4753fec1beec,5,Mild,False,Mild1100.png;Mild1130.png;Mild1228.png;Mild716.png;Mild722.png,Mild1100.png;Mild1130.png;Mild1228.png;Mild716.png;Mild722.png
EXACT-0083,a0f3c61236ed1617afaf909a402c4810e3f496b8bb092fd6ba53273e903a5cd8,2,Mild,False,Mild1101.png;Mild1376.png,Mild1101.png;Mild1376.png
EXACT-0084,e46d1657a9f4e391dffdc67522c23f95079ce582515c8fcf2a894c13de612c17,3,Mild,False,Mild1102.png;Mild1141.png;Mild1212.png,Mild1102.png;Mild1141.png;Mild1212.png
EXACT-0085,836d6d7d4fd341c12b8e14ee36279d0423f90ffb433b07bfa8142adcfd2c939d,4,Mild,False,Mild1103.png;Mild1372.png;Mild829.png;Mild940.png,Mild1103.png;Mild1372.png;Mild829.png;Mild940.png
EXACT-0086,3f8a67735a2590229a6f6f8b8696658de09ebf472b0b6ffde65e531d7eeeaee3,3,Mild,False,Mild1105.png;Mild1158.png;Mild707.png,Mild1105.png;Mild1158.png;Mild707.png
EXACT-0087,7294f3fa90007438871419d2ee6820e9f016ac317de85f3c8654b7dccec1b849,6,Mild,False,Mild1107.png;Mild1226.png;Mild1232.png;Mild1236.png;Mild1393.png;Mild840.png,Mild1107.png;Mild1226.png;Mild1232.png;Mild1236.png;Mild1393.png;Mild840.png
EXACT-0088,5901c229274dc2e38044b3b69b3a17d7949a62a28cf2dfa48d94f0b2fa18c8d0,3,Mild,False,Mild1110.png;Mild835.png;Mild849.png,Mild1110.png;Mild835.png;Mild849.png
EXACT-0089,56f18e8c3242bb1295b4c8225d6c80ae2df1290732b81f1f3fc97a8cad12f75f,4,Mild,False,Mild1117.png;Mild1323.png;Mild878.png;Mild937.png,Mild1117.png;Mild1323.png;Mild878.png;Mild937.png
EXACT-0090,36ef7b0033f33554fe0f6b02a6cd27afad21b518643f770142f374d92091c1b3,3,Mild,False,Mild1120.png;Mild1329.png;Mild807.png,Mild1120.png;Mild1329.png;Mild807.png
EXACT-0091,2ccb0918029fcf72a51728f8ea49aaaef589bd01258a9f8ed78ac7bcebcbfc92,8,Mild,False,Mild1123.png;Mild1164.png;Mild1304.png;Mild713.png;Mild789.png;Mild852.png;Mild930.png;Mild966.png,Mild1123.png;Mild1164.png;Mild1304.png;Mild713.png;Mild789.png;Mild852.png;Mild930.png;Mild966.png
EXACT-0092,d99ba83210915298e9cae6e4867043ef833e90f0092ba88b470eed48f48fb21c,2,Mild,False,Mild1125.png;Mild1144.png,Mild1125.png;Mild1144.png
EXACT-0093,5549ef672ec494f39c238686e0be9d4b37a3ac20acc8074b5313c273a8a4706b,6,Mild,False,Mild1128.png;Mild1265.png;Mild1334.png;Mild721.png;Mild926.png;Mild951.png,Mild1128.png;Mild1265.png;Mild1334.png;Mild721.png;Mild926.png;Mild951.png
EXACT-0094,072469e54911d6e020b1a15caa6ff6d2e6d44f28e4fab69d4a6bab9ea1b65aa1,2,Mild,False,Mild1129.png;Mild736.png,Mild1129.png;Mild736.png
EXACT-0095,7d617cb7db3e03c9bbd5fad7d92688ad36184a59000d4b18d5fed003ce091076,4,Mild,False,Mild1132.png;Mild1297.png;Mild698.png;Mild885.png,Mild1132.png;Mild1297.png;Mild698.png;Mild885.png
EXACT-0096,e2771621c0512e66aacd7e2d53d0899a4e6695eca4d69bbf9489fef0deec9482,4,Mild,False,Mild1134.png;Mild1259.png;Mild766.png;Mild771.png,Mild1134.png;Mild1259.png;Mild766.png;Mild771.png
EXACT-0097,8deb2fbcc1f53b62c89c6c144ff95f4063ea08dda4ddc690dcb818ca05e87d09,5,Mild,False,Mild1135.png;Mild1227.png;Mild1343.png;Mild761.png;Mild911.png,Mild1135.png;Mild1227.png;Mild1343.png;Mild761.png;Mild911.png
EXACT-0098,cabf7410e9a12913e75edd5f12f85439cd546b8725163856a87a1d18c15205e2,2,Mild,False,Mild1136.png;Mild1184.png,Mild1136.png;Mild1184.png
EXACT-0099,bb963ffc3cc545864db1926d9996e7ebda8e46710e11ebf02c7638626bf1de4c,3,Mild,False,Mild1137.png;Mild1216.png;Mild1324.png,Mild1137.png;Mild1216.png;Mild1324.png
EXACT-0100,66c0b20a19fb1d97def0fcac7ce0b15769e9ca5b5bcfca7421cd9cf1daeb2ee5,2,Mild,False,Mild1146.png;Mild795.png,Mild1146.png;Mild795.png
EXACT-0101,0afb2a0bfbcf6131d749798b69e8f38448e3257b8211b0a23785af58cabcf943,2,Mild,False,Mild1150.png;Mild1342.png,Mild1150.png;Mild1342.png
EXACT-0102,bb1a56e89fed9117bb7ea4498fa2dd3f2d6fa0ee4893b6fe1ee505449ac7dbc3,3,Mild,False,Mild1151.png;Mild1302.png;Mild933.png,Mild1151.png;Mild1302.png;Mild933.png
EXACT-0103,0ee58cc17a5d7e899f31c9af113c056e41a03cf4b64b1d20397760a495d67109,3,Mild,False,Mild1155.png;Mild1182.png;Mild1280.png,Mild1155.png;Mild1182.png;Mild1280.png
EXACT-0104,a405aa5f037b28ca06df28666f42801b4901653141bd5fd3e8dc70aa01abef6b,6,Mild,False,Mild1160.png;Mild1239.png;Mild718.png;Mild873.png;Mild922.png;Mild942.png,Mild1160.png;Mild1239.png;Mild718.png;Mild873.png;Mild922.png;Mild942.png
EXACT-0105,2999ccc06334fa3fc2fd80bf81e0b9a61a7821091263f30ed4f0cc83bbf6cc5c,3,Mild,False,Mild1161.png;Mild1384.png;Mild998.png,Mild1161.png;Mild1384.png;Mild998.png
EXACT-0106,81b354401e1a41a32beeb374b37028fd8ecedb2721949168c317fe4e796ad002,4,Mild,False,Mild1162.png;Mild1387.png;Mild759.png;Mild822.png,Mild1162.png;Mild1387.png;Mild759.png;Mild822.png
EXACT-0107,55a969b4df2cc5c7ed80c9d645e3d4c03d1727f084fad2ef99a530d78b59ce00,2,Mild,False,Mild1165.png;Mild1374.png,Mild1165.png;Mild1374.png
EXACT-0108,5260662bb2edb960bff1ad664a807b1a541e66f3bd88bd6f04063aed86d8ae38,7,Mild,False,Mild1166.png;Mild1252.png;Mild1313.png;Mild1315.png;Mild1317.png;Mild806.png;Mild994.png,Mild1166.png;Mild1252.png;Mild1313.png;Mild1315.png;Mild1317.png;Mild806.png;Mild994.png
EXACT-0109,abbbcf20c845a3f8e4d21d89d4b92c179c7819df9913000b5cb7b57ef0b18950,3,Mild,False,Mild1168.png;Mild1215.png;Mild895.png,Mild1168.png;Mild1215.png;Mild895.png
EXACT-0110,c333a743eb4da0d10daacd64836529741686a1b3cfbe6b83d297463ca345fd66,2,Mild,False,Mild1169.png;Mild1173.png,Mild1169.png;Mild1173.png
EXACT-0111,339eaae312b4e7492d677ca2e202edf937ee8cbe143cf5385b09704e718b7861,3,Mild,False,Mild1170.png;Mild1234.png;Mild1271.png,Mild1170.png;Mild1234.png;Mild1271.png
EXACT-0112,09de12ef76e41e694019712c9943cd9d9880cc5ec63dc4f05db7b2f93d5f8c41,4,Mild,False,Mild1177.png;Mild1385.png;Mild893.png;Mild896.png,Mild1177.png;Mild1385.png;Mild893.png;Mild896.png
EXACT-0113,7c2f268d5de93143d98ce84a01865033dc3adeda58fa43b1d40ec1120fbdb22b,7,Mild,False,Mild1179.png;Mild1219.png;Mild1288.png;Mild1345.png;Mild746.png;Mild828.png;Mild836.png,Mild1179.png;Mild1219.png;Mild1288.png;Mild1345.png;Mild746.png;Mild828.png;Mild836.png
EXACT-0114,2ec8e0c29fb245f9a19f54b1e8edc00212fbec2b5d0b721f60104a6ea36b830c,4,Mild,False,Mild1183.png;Mild1190.png;Mild705.png;Mild969.png,Mild1183.png;Mild1190.png;Mild705.png;Mild969.png
EXACT-0115,b2650f3eb002cc2fd1dd84222314ef92f8ea539fd5dd426de000b72ac7ec462b,4,Mild,False,Mild1185.png;Mild1301.png;Mild735.png;Mild924.png,Mild1185.png;Mild1301.png;Mild735.png;Mild924.png
EXACT-0116,553119be63654bfa888848a8dcacebebe4da02165099aa975aeea2402ee03e1e,5,Mild,False,Mild1188.png;Mild1360.png;Mild727.png;Mild956.png;Mild990.png,Mild1188.png;Mild1360.png;Mild727.png;Mild956.png;Mild990.png
EXACT-0117,e3f9135fa97b5cd2bdb01fc234ba02677218b1a54d8f4c9db5f8f3a0cc1b850b,3,Mild,False,Mild1192.png;Mild1241.png;Mild820.png,Mild1192.png;Mild1241.png;Mild820.png
EXACT-0118,abb8546188ddd9286cba49fb70506760464b24f582f4652fc2e8a68e8f62a321,4,Mild,False,Mild1193.png;Mild870.png;Mild907.png;Mild927.png,Mild1193.png;Mild870.png;Mild907.png;Mild927.png
EXACT-0119,53ae48f93db897605c59dfdbddac9d0444b3fb56df5ebb0f1cdbf814155f1593,5,Mild,False,Mild1195.png;Mild1306.png;Mild1358.png;Mild792.png;Mild832.png,Mild1195.png;Mild1306.png;Mild1358.png;Mild792.png;Mild832.png
EXACT-0120,144f3fdb7f438d6deab6c1aebcfdc046fa2566f8483266ba3440f8ea17c5aa3a,5,Mild,False,Mild1197.png;Mild1362.png;Mild714.png;Mild785.png;Mild917.png,Mild1197.png;Mild1362.png;Mild714.png;Mild785.png;Mild917.png
EXACT-0121,187166ff5aa8ce7537f39c8d736cf3b16774437d95ec5d95bc3be48b55825b7c,2,Mild,False,Mild1198.png;Mild764.png,Mild1198.png;Mild764.png
EXACT-0122,4fece159b4aecb7d43f63b8b25b49a5a2a7b56b3b1d1f1556c946ace62873c81,2,Mild,False,Mild1200.png;Mild818.png,Mild1200.png;Mild818.png
EXACT-0123,3a7bb8835b8d0de2a9642a50729aaadf04a31510436cd45c7cc88199d6cb526b,4,Mild,False,Mild1202.png;Mild1210.png;Mild1264.png;Mild1367.png,Mild1202.png;Mild1210.png;Mild1264.png;Mild1367.png
EXACT-0124,89f3658298e44a7e8d3ded3cccef253bfbb8162c87c8e0b345e13ae0ed77e1f5,2,Mild,False,Mild1203.png;Mild1390.png,Mild1203.png;Mild1390.png
EXACT-0125,55ca573b49e3984e8305087fb7c8a7628de6e8d30f0e1af2ec87c305ba274020,2,Mild,False,Mild1204.png;Mild745.png,Mild1204.png;Mild745.png
EXACT-0126,e2c32f3662221bc66eb1f56cc921ccc6a4870d9ab0f3f6ed74f8108ac65214d8,3,Mild,False,Mild1205.png;Mild1309.png;Mild880.png,Mild1205.png;Mild1309.png;Mild880.png
EXACT-0127,dc6c39f085519d7121bbbf0f20c25a4b7342d1a060e4443c7cb3ea47038586bc,4,Mild,False,Mild1207.png;Mild1208.png;Mild724.png;Mild776.png,Mild1207.png;Mild1208.png;Mild724.png;Mild776.png
EXACT-0128,5d6e4b002f9aac47b84f1b954e09a4944177c9e2f3ff255b24bdf1bf6e808ed3,7,Mild,False,Mild1211.png;Mild1223.png;Mild1319.png;Mild1328.png;Mild1361.png;Mild719.png;Mild734.png,Mild1211.png;Mild1223.png;Mild1319.png;Mild1328.png;Mild1361.png;Mild719.png;Mild734.png
EXACT-0129,a16f9eabd060a9de25b84611cf1ab59ab76db163ea29d70cca305bd8e471ebf6,3,Mild,False,Mild1214.png;Mild1225.png;Mild1368.png,Mild1214.png;Mild1225.png;Mild1368.png
EXACT-0130,1fb032f17b9450e2c7d342431577d490d9f19af0a69015c9d8138b793ddafbce,2,Mild,False,Mild1218.png;Mild740.png,Mild1218.png;Mild740.png
EXACT-0131,a2d2e4b450ddcb3dc33e9cfdd4134a1c04316afba39a010402af150f4cfaa3ed,2,Mild,False,Mild1221.png;Mild1290.png,Mild1221.png;Mild1290.png
EXACT-0132,324649899f73efea47a217f5cf2a35973eadf25f0fef17ecad1151b482871f53,2,Mild,False,Mild1229.png;Mild748.png,Mild1229.png;Mild748.png
EXACT-0133,90a8434eb6e65ccaaddd0ba7cbf9eba21f25ec902b7a77713a57372646b7d833,4,Mild,False,Mild1231.png;Mild1366.png;Mild797.png;Mild813.png,Mild1231.png;Mild1366.png;Mild797.png;Mild813.png
EXACT-0134,fd0e4092b50135a7403c373d9382cc13fe66182e678fe0d3732608797c3529f2,3,Mild,False,Mild1233.png;Mild1274.png;Mild938.png,Mild1233.png;Mild1274.png;Mild938.png
EXACT-0135,2e7a287daacaee3d22634eb73e319626560c3effe36ce0301103fde9c87b8b8b,2,Mild,False,Mild1235.png;Mild932.png,Mild1235.png;Mild932.png
EXACT-0136,bbab9aa06197db53ec4e6ad3fd4cf896b08ab18104f02e94daf900805e297b2c,2,Mild,False,Mild1237.png;Mild780.png,Mild1237.png;Mild780.png
EXACT-0137,13a09d8c59398a09afc42e5bb531bb6f21f48cebc763d204e765f613e0c8f671,2,Mild,False,Mild1238.png;Mild977.png,Mild1238.png;Mild977.png
EXACT-0138,9ea78fa686643e1a542565419a1a0e4f5a59641b64a237a37cf4a3abaefdc761,3,Mild,False,Mild1240.png;Mild1357.png;Mild970.png,Mild1240.png;Mild1357.png;Mild970.png
EXACT-0139,b304a20aafb36928907fa757fa164b25ce6ca815500be81763b4d7de37fdd195,5,Mild,False,Mild1242.png;Mild1359.png;Mild756.png;Mild775.png;Mild782.png,Mild1242.png;Mild1359.png;Mild756.png;Mild775.png;Mild782.png
EXACT-0140,b33a1673733b9cdd6aaebfca36861607af6a5b034496cd8140d36c0b71b300f1,3,Mild,False,Mild1245.png;Mild810.png;Mild952.png,Mild1245.png;Mild810.png;Mild952.png
EXACT-0141,573aa68ad6183897e813dde894ac954c824bcbea1c264484c6b8f36dbda397af,3,Mild,False,Mild1247.png;Mild1266.png;Mild947.png,Mild1247.png;Mild1266.png;Mild947.png
EXACT-0142,e138f0e624bb1d28cea4950efe7e8d0651b5e77992b0b3d1a23fcdcea9a446ba,3,Mild,False,Mild1249.png;Mild726.png;Mild886.png,Mild1249.png;Mild726.png;Mild886.png
EXACT-0143,a9765b533895a14f8bd8023bdc1a9a28fb92ae146e8e02c4c5574e0faef3d5b1,2,Mild,False,Mild1251.png;Mild703.png,Mild1251.png;Mild703.png
EXACT-0144,c9e951b223ac6e6168a41d19822a352fba7748a95cad8df1cd5f9338d0f3fd61,5,Mild,False,Mild1254.png;Mild1371.png;Mild858.png;Mild890.png;Mild909.png,Mild1254.png;Mild1371.png;Mild858.png;Mild890.png;Mild909.png
EXACT-0145,e85d7607d9465bc95ccdc0f48858ee8ebe6d6d69c92b86d41b96e3be4d001a6e,4,Mild,False,Mild1262.png;Mild1270.png;Mild1383.png;Mild983.png,Mild1262.png;Mild1270.png;Mild1383.png;Mild983.png
EXACT-0146,b42ff68a384844115c5e357505065fdc1357b8801c3c1396a7125416b6cbd7e8,4,Mild,False,Mild1263.png;Mild1314.png;Mild1379.png;Mild888.png,Mild1263.png;Mild1314.png;Mild1379.png;Mild888.png
EXACT-0147,611ef573c5047bf5fdd8130b503f09aa3550fe698834d0b7b2629654aa6fc701,2,Mild;Normal,True,Mild1268.png;Normal410.png,Mild1268.png;Normal410.png
EXACT-0148,abb22fd66bf7ae296c0a128498f9d8ed553c5ee360ab2537a0ab9111953cf206,2,Mild,False,Mild1276.png;Mild875.png,Mild1276.png;Mild875.png
EXACT-0149,b111765c950fcb9fa0d4142eda8269a33a0202d648d9450898d84d13294045a8,4,Mild,False,Mild1284.png;Mild700.png;Mild709.png;Mild905.png,Mild1284.png;Mild700.png;Mild709.png;Mild905.png
EXACT-0150,e80e3ea622a2d9e3a6e284d373ba180ef7e8e7a178c420de22369702e478e388,2,Mild,False,Mild1285.png;Mild841.png,Mild1285.png;Mild841.png
EXACT-0151,c4f15a2983bbb16670d9245ea00b5f2dec94cad0c35d4f51676e65af98cac5e7,6,Mild,False,Mild1286.png;Mild1293.png;Mild762.png;Mild923.png;Mild949.png;Mild981.png,Mild1286.png;Mild1293.png;Mild762.png;Mild923.png;Mild949.png;Mild981.png
EXACT-0152,f0f1a45768d80406decfb18633ac39047ce8496351eec433ad6c90f1d9e99617,4,Mild,False,Mild1289.png;Mild767.png;Mild913.png;Mild928.png,Mild1289.png;Mild767.png;Mild913.png;Mild928.png
EXACT-0153,e0b79cea611cb265aa826067a0faa94fca4bad047cde9434440e836c3adb887a,3,Mild,False,Mild1295.png;Mild760.png;Mild803.png,Mild1295.png;Mild760.png;Mild803.png
EXACT-0154,f92efe30fe43b3c31037b53f642e3b3d4ec954ebb12daf8c1491025eb374980e,2,Mild,False,Mild1300.png;Mild823.png,Mild1300.png;Mild823.png
EXACT-0155,1f51f3a7a371dddd8153441fbadd576d4bddcaddc20bbe82f4012fd5ab166106,5,Mild,False,Mild1303.png;Mild1344.png;Mild801.png;Mild802.png;Mild864.png,Mild1303.png;Mild1344.png;Mild801.png;Mild802.png;Mild864.png
EXACT-0156,6fc7f8f2947fc7b9b3664b044b6673e958b4b044f5ead57edb589db1cc610230,6,Mild,False,Mild1333.png;Mild1335.png;Mild1350.png;Mild1377.png;Mild793.png;Mild833.png,Mild1333.png;Mild1335.png;Mild1350.png;Mild1377.png;Mild793.png;Mild833.png
EXACT-0157,5269dc2ecebb730c44ed44601a5dad25f8d5b0b6c4ba7295b99382e4f8995066,2,Mild,False,Mild1336.png;Mild908.png,Mild1336.png;Mild908.png
EXACT-0158,e7b85b00fb6f9c366ddae82489d10850155ee67adf9547638b8c7bb517b1c0e7,5,Mild,False,Mild1338.png;Mild765.png;Mild830.png;Mild850.png;Mild860.png,Mild1338.png;Mild765.png;Mild830.png;Mild850.png;Mild860.png
EXACT-0159,6fe05a5f57d6a79a789a316b20462eaa561010575c179518445edda2d634c681,2,Mild,False,Mild1346.png;Mild865.png,Mild1346.png;Mild865.png
EXACT-0160,394c4f939a3af11905d862271d8d4e41cc5d8bf2a66f3b176c2e83a6b08d2912,2,Mild,False,Mild1347.png;Mild876.png,Mild1347.png;Mild876.png
EXACT-0161,62b5e152a6264cf8ec26805a364a69ffa36d4cf927e8edf27142c48d435409ea,2,Mild,False,Mild1349.png;Mild916.png,Mild1349.png;Mild916.png
EXACT-0162,d82fb9c09f8cfaf8936c5148e41398bf70b94d84748c3714e0e46ddc740c19c3,3,Mild,False,Mild1352.png;Mild826.png;Mild851.png,Mild1352.png;Mild826.png;Mild851.png
EXACT-0163,18eed3b187c03abc3a64b05061b4559538f81dce6e00b791610a48275468f468,3,Mild,False,Mild1353.png;Mild903.png;Mild920.png,Mild1353.png;Mild903.png;Mild920.png
EXACT-0164,4e3e77b605c54d71c633ffc111e551da569efe669a550b9e69f171819c9d6dfd,2,Mild,False,Mild1355.png;Mild811.png,Mild1355.png;Mild811.png
EXACT-0165,6d7dee6eba2cf90519e0e84cf2e7efe2432920871ff0e9ea903f503830932281,2,Mild,False,Mild1370.png;Mild747.png,Mild1370.png;Mild747.png
EXACT-0166,9d59ce37cf92086d0ba4c18da794893e8d5d8759329c8b500861f3b023158743,4,Mild,False,Mild1373.png;Mild839.png;Mild847.png;Mild995.png,Mild1373.png;Mild839.png;Mild847.png;Mild995.png
EXACT-0167,32f485f4edb83176d40ffd7a15f6ccfa1f7c37445e8384ae5ff0ca1613fc14fc,2,Mild,False,Mild1375.png;Mild788.png,Mild1375.png;Mild788.png
EXACT-0168,ed82a8cdf0a33d2c1d58cf1107ac0c3c191225c8cd9e047f7c859ad0950c5f92,4,Mild,False,Mild1378.png;Mild819.png;Mild856.png;Mild867.png,Mild1378.png;Mild819.png;Mild856.png;Mild867.png
EXACT-0169,a583bf3d84b837b9dfd325938a72ca0999d1950f03ae74173bbe500a8e68a74f,3,Mild,False,Mild1394.png;Mild935.png;Mild993.png,Mild1394.png;Mild935.png;Mild993.png
EXACT-0170,c8811f334fb50dd9cc366513c55a17e3b5ae87555d9fd2f6283ef812230c645a,3,Mild,False,Mild702.png;Mild720.png;Mild817.png,Mild702.png;Mild720.png;Mild817.png
EXACT-0171,155c4b4ba86dd375cd173b3b8dcda9b9def549f0ea843798968468061c69f457,2,Mild,False,Mild704.png;Mild825.png,Mild704.png;Mild825.png
EXACT-0172,254ff931d856ec0e8226c74929c8ddfd7eb3ecc08724f37564b1a2742f2c2157,2,Mild,False,Mild710.png;Mild955.png,Mild710.png;Mild955.png
EXACT-0173,9826f601bc3f930c33476aad0cabc08fe4a6f1b09f764fc596f55215204b3242,3,Mild,False,Mild711.png;Mild862.png;Mild962.png,Mild711.png;Mild862.png;Mild962.png
EXACT-0174,d2c604fc936914040ca9d78ebb9ce8234907a96d0465804da4f2a5c83774db0f,2,Mild,False,Mild728.png;Mild882.png,Mild728.png;Mild882.png
EXACT-0175,e19cf939d59eaae7db1fa5d6b2c31e82ce940e5ac5089be6f55e5ec6332f8c2a,4,Mild,False,Mild737.png;Mild846.png;Mild853.png;Mild894.png,Mild737.png;Mild846.png;Mild853.png;Mild894.png
EXACT-0176,77bcb9ceb5815d646be793a6f2554207ab83beaf7ad7479ecec246169c891577,2,Mild,False,Mild739.png;Mild837.png,Mild739.png;Mild837.png
EXACT-0177,dc49d11f1a1c54a2fb75b511454a68166f670dbbb484c1de09d945c875d1d362,4,Mild,False,Mild741.png;Mild772.png;Mild854.png;Mild982.png,Mild741.png;Mild772.png;Mild854.png;Mild982.png
EXACT-0178,bb7fba3b16c0cbe552e2f1bc6324fcbe1395785977c39e33c35525e4e644fe4c,2,Mild,False,Mild750.png;Mild815.png,Mild750.png;Mild815.png
EXACT-0179,89722a8ca405524ba8565604d49c882da5f2da96e7781a47c3da108941bb7f60,3,Mild,False,Mild752.png;Mild863.png;Mild963.png,Mild752.png;Mild863.png;Mild963.png
EXACT-0180,55a03a6c9ae09bac201e674fdbe97f8d8104d271c3e7941f461e221dc1475cb8,3,Mild,False,Mild758.png;Mild961.png;Mild965.png,Mild758.png;Mild961.png;Mild965.png
EXACT-0181,07aba97c1c9617dab433f6c4a092e9fdc652894e49a59dc533e9662ebf356109,2,Mild,False,Mild781.png;Mild869.png,Mild781.png;Mild869.png
EXACT-0182,9d700c071a65e69e6a2e5b3103dfd659f317c05f10a8f88f9f34049b961ac0fe,2,Mild,False,Mild799.png;Mild936.png,Mild799.png;Mild936.png
EXACT-0183,4922756ad9bf95b92755e1a97e90bec7baf7dfc4be39770cd10ef3d3e5e897d1,2,Mild,False,Mild812.png;Mild915.png,Mild812.png;Mild915.png
EXACT-0184,574ecb8f715de37d3b289c08c7bb612af2cc76b194372f13c85e268e267afb67,2,Mild,False,Mild842.png;Mild904.png,Mild842.png;Mild904.png
EXACT-0185,1b94d7cb567ab2d3ec2b295023c2cca29476f35ad3e328ea1f76c789546da074,2,Mild,False,Mild868.png;Mild968.png,Mild868.png;Mild968.png
EXACT-0186,5b4007b9a66da11ac2d8ec2c7679054b06788213570cbb50c369bdf73fdba75f,2,Mild,False,Mild941.png;Mild987.png,Mild941.png;Mild987.png
EXACT-0187,5915dcd9b061329f08c5316e18ee4f1a0cfd92eb81cef040987eee53d98c6031,2,Mild,False,Mild943.png;Mild975.png,Mild943.png;Mild975.png
EXACT-0188,26e77840fe4b5da17abff1b8012a0b3e0a46b8d6eedbdbcee41885f82b656098,2,Mild,False,Mild964.png;Mild972.png,Mild964.png;Mild972.png
EXACT-0189,33c0e12297bddb5aef47accdef85b0b5ffce6a7b06b347a1c571c472adad41c1,2,Normal,False,Normal1.png;Normal322.png,Normal1.png;Normal322.png
EXACT-0190,7973c078fb8f41b9f32b2aa94d160cca66046cbca8c329c9d7dac384d0897137,2,Normal,False,Normal10.png;Normal195.png,Normal10.png;Normal195.png
EXACT-0191,8688593927d29c4b83de00a36847706f2df7ee35a4444723b6abb0cdba41dcac,2,Normal,False,Normal100.png;Normal113.png,Normal100.png;Normal113.png
EXACT-0192,b59cafbfd1b83ecb5ab606ef2882060a58cf5e64d0253d81a97671a6398102a9,2,Normal,False,Normal101.png;Normal240.png,Normal101.png;Normal240.png
EXACT-0193,9ff867e0ba380153e20012cc1c07d1bec5fd76e76c517d7fdf56d3973d1b3b33,3,Normal,False,Normal102.png;Normal487.png;Normal522.png,Normal102.png;Normal487.png;Normal522.png
EXACT-0194,470c0eec9068887fd1cff8ebe170f08a1e721be851ed6ebe721e1ccba2b249c2,3,Normal,False,Normal103.png;Normal112.png;Normal519.png,Normal103.png;Normal112.png;Normal519.png
EXACT-0195,c8aa8af396f6130979aa4fa78281ccfc95e9ad5edc1a565d8d5640cd096a1603,2,Normal,False,Normal104.png;Normal21.png,Normal104.png;Normal21.png
EXACT-0196,1a555d96e85ac52ca44c3e40173c6a62bc20cbba87794c45c56e79e330f5c435,2,Normal,False,Normal107.png;Normal679.png,Normal107.png;Normal679.png
EXACT-0197,4f35819e8d7135cd05279c20afa3dbd922334f9bb27bd46e53190cab629ea2da,3,Normal,False,Normal11.png;Normal116.png;Normal344.png,Normal11.png;Normal116.png;Normal344.png
EXACT-0198,3b34bbcbae823612358fc8988a17914b22dbba9572a581f359dded6594640c96,2,Normal,False,Normal114.png;Normal523.png,Normal114.png;Normal523.png
EXACT-0199,690ce6a83ceee2817c8ccb351918844516b524573b04943a14701540161ac062,2,Normal,False,Normal117.png;Normal146.png,Normal117.png;Normal146.png
EXACT-0200,3ed02575fa3a83e5a564a9c601dac848a05a3c4a36a11a8ed1be9a7a17b0c3cf,3,Normal,False,Normal118.png;Normal215.png;Normal32.png,Normal118.png;Normal215.png;Normal32.png
EXACT-0201,255055ee01751615bf7a369161a79f1fd64bb7ae5d420e237c5568d13dda0ed2,2,Normal,False,Normal119.png;Normal427.png,Normal119.png;Normal427.png
EXACT-0202,9d51d60493c3957bb46d588e1ee1437a32a6c800dac096bbf9df7e9e7d5875cb,2,Normal,False,Normal12.png;Normal289.png,Normal12.png;Normal289.png
EXACT-0203,00768cf44df7648e1fd8a99701cbf90506929b25652172159d8dfbe25ee06c4a,3,Normal,False,Normal121.png;Normal143.png;Normal404.png,Normal121.png;Normal143.png;Normal404.png
EXACT-0204,4fed50c460e66597166c9de87553d5a1c9c2a2267ab4d844fc1cf8c525689955,2,Normal,False,Normal122.png;Normal469.png,Normal122.png;Normal469.png
EXACT-0205,69f83a4eed6a2d85b76005a9e4c7834deaadaa61a03b6d5046c14bc57fcdd98d,2,Normal,False,Normal123.png;Normal286.png,Normal123.png;Normal286.png
EXACT-0206,92d51e48cf20348711894be778d7404e841a1c94825fae0237c5be0eafa4679e,2,Normal,False,Normal125.png;Normal42.png,Normal125.png;Normal42.png
EXACT-0207,d97faf60e469f625ad60d3feb4aa5e8d155e064278217a95f759e6609acf631a,2,Normal,False,Normal13.png;Normal39.png,Normal13.png;Normal39.png
EXACT-0208,b9de06d7f50634922009f2503256356eb4be5f9d176ee2421127d345f956ef6b,2,Normal,False,Normal130.png;Normal454.png,Normal130.png;Normal454.png
EXACT-0209,1b84842ef30451ca1cdbc383282dc7e74739505682afa123044e58ffaed84add,2,Normal,False,Normal131.png;Normal422.png,Normal131.png;Normal422.png
EXACT-0210,355c25173168b02de47d8456023a3153a3bf5608185bfbb3f3ab23a245ac1c7c,3,Normal,False,Normal133.png;Normal180.png;Normal203.png,Normal133.png;Normal180.png;Normal203.png
EXACT-0211,ca568391f4493bdeea351993b1b07676537a53f1d5a39fd71c6a783854e8ed38,3,Normal,False,Normal134.png;Normal273.png;Normal592.png,Normal134.png;Normal273.png;Normal592.png
EXACT-0212,d0e47dc9d4d1c6b7dbc294321eebfcc7f3e7076bac510e521c3482e65135894d,2,Normal,False,Normal137.png;Normal315.png,Normal137.png;Normal315.png
EXACT-0213,6c7c7d1aaf39bd292d0f9b237ca226eb1bb69564efd8a104cd8b60e18b2194d6,2,Normal,False,Normal139.png;Normal224.png,Normal139.png;Normal224.png
EXACT-0214,2088779c469825d6de0d255e4e7dc9c07793dc64f621a6cda707be8d724c9537,2,Normal,False,Normal14.png;Normal533.png,Normal14.png;Normal533.png
EXACT-0215,8f136b1629b6fe0312d159b000cba6077e97239b655c783d07300948aeee4c53,4,Normal,False,Normal140.png;Normal148.png;Normal207.png;Normal634.png,Normal140.png;Normal148.png;Normal207.png;Normal634.png
EXACT-0216,3a82e025d5331713dd7b6402a265270e189af9560e90208f4e5d969abeaa6f48,2,Normal,False,Normal144.png;Normal693.png,Normal144.png;Normal693.png
EXACT-0217,b16ecd50e66a0beae5cd37d956b35915eef1bebdba76fd65217f88bf809e77f2,2,Normal,False,Normal145.png;Normal160.png,Normal145.png;Normal160.png
EXACT-0218,a8b07411e2fa677d4e62dfa9d7d9e7406f3ea1bcfd19a6be19c03bd2e164f0cc,2,Normal,False,Normal147.png;Normal600.png,Normal147.png;Normal600.png
EXACT-0219,dbdc01e4c253242a6fdd1c9f5eaba788935b7c72da7b14114bdcb850d4b03227,3,Normal,False,Normal15.png;Normal503.png;Normal664.png,Normal15.png;Normal503.png;Normal664.png
EXACT-0220,fc832aee4cad6e5ca640afb952189717b84a96ada7df33c8c26294575b5484fc,2,Normal,False,Normal150.png;Normal263.png,Normal150.png;Normal263.png
EXACT-0221,4678bd66d14e1342a9fe55800ce3d4c60a5e60cab9a9952c7a0e88f1ff14a2ce,3,Normal,False,Normal151.png;Normal287.png;Normal675.png,Normal151.png;Normal287.png;Normal675.png
EXACT-0222,8fd05d81054d6760213b83ba7190e32abffb2201781ca114951a9384354970b2,3,Normal,False,Normal153.png;Normal161.png;Normal483.png,Normal153.png;Normal161.png;Normal483.png
EXACT-0223,927811aa983fdb19cadf4fb600c4140c061b0bb07f077b0a5a61caef63f60e94,2,Normal,False,Normal154.png;Normal90.png,Normal154.png;Normal90.png
EXACT-0224,a2ecf93a9475bff1461f6c5a5a044b54ef1579fcd26c631a5756d2627d247f29,3,Normal,False,Normal156.png;Normal268.png;Normal484.png,Normal156.png;Normal268.png;Normal484.png
EXACT-0225,cef27c0919071ea5afbe0217851210581590dfb886b724c61c7da19a7ecfec94,2,Normal,False,Normal158.png;Normal473.png,Normal158.png;Normal473.png
EXACT-0226,c220fdca7d019ca6c3a2cab7b7dca634146546ad6acf44cbe8bdbec4c07acfa4,4,Normal,False,Normal16.png;Normal182.png;Normal341.png;Normal396.png,Normal16.png;Normal182.png;Normal341.png;Normal396.png
EXACT-0227,51bcb869d79dca093b658180cc678196f7fad4c094590a2038fe001acc22889a,6,Normal,False,Normal163.png;Normal214.png;Normal430.png;Normal48.png;Normal567.png;Normal661.png,Normal163.png;Normal214.png;Normal430.png;Normal48.png;Normal567.png;Normal661.png
EXACT-0228,1bbdffaf7f435c2db7d4ff896295af9d932e0f33ae555d6c673eaabf5893eadd,2,Normal,False,Normal164.png;Normal627.png,Normal164.png;Normal627.png
EXACT-0229,00ba71aaf465f9df3255c275902734f554a62d2665753f3e2c04b4e53f42d979,2,Normal,False,Normal167.png;Normal433.png,Normal167.png;Normal433.png
EXACT-0230,51ec3b643f9694e0701e4e1bc82226d9584946bda27ac005a000d2fcad9d31e6,3,Normal,False,Normal17.png;Normal4.png;Normal87.png,Normal17.png;Normal4.png;Normal87.png
EXACT-0231,5b782f1c54cb41e805f973447660c7303624aff5785446c1449aa9669ac60148,3,Normal,False,Normal172.png;Normal316.png;Normal66.png,Normal172.png;Normal316.png;Normal66.png
EXACT-0232,c760f9f200edb7c888621dd90052e8f78bba0c3d29957801d2ea4c1968dee057,2,Normal,False,Normal174.png;Normal442.png,Normal174.png;Normal442.png
EXACT-0233,29e118081e4712286acad4763f2d701337ce05cdfdcd6338d106c432a14fe796,3,Normal,False,Normal175.png;Normal202.png;Normal580.png,Normal175.png;Normal202.png;Normal580.png
EXACT-0234,8db10831b951c74b236f832697c903025c37b807fbe36d036160634382a08c68,2,Normal,False,Normal177.png;Normal631.png,Normal177.png;Normal631.png
EXACT-0235,c523f4788849978da140e7c649d2defcbefa163f66ffa88930cc40882a5ad458,2,Normal,False,Normal178.png;Normal312.png,Normal178.png;Normal312.png
EXACT-0236,3cebae2e1ab63125d8bdbdd00b3d9673978da3281b37d87d2d2af622d661d47d,3,Normal,False,Normal179.png;Normal303.png;Normal629.png,Normal179.png;Normal303.png;Normal629.png
EXACT-0237,96dbbc07a69c975724eb9427ab1ab5ff8ef6475023f65511e83e4784059fbf3c,3,Normal,False,Normal18.png;Normal412.png;Normal466.png,Normal18.png;Normal412.png;Normal466.png
EXACT-0238,b6a2987f8cc64270903908a241cd37daf155f0f8371fcf3e18506b7be66c6558,2,Normal,False,Normal181.png;Normal681.png,Normal181.png;Normal681.png
EXACT-0239,a245d3f0148648ec8b187617cea7aaae362d03cb1a10040eeb4ba60a20ce8949,2,Normal,False,Normal185.png;Normal593.png,Normal185.png;Normal593.png
EXACT-0240,d6b0df07619e64878d4bf77bc63155e9ecbaacae58ebbfdcb393bf7fd7327cfb,4,Normal,False,Normal187.png;Normal571.png;Normal626.png;Normal671.png,Normal187.png;Normal571.png;Normal626.png;Normal671.png
EXACT-0241,e653794d90509ca410a80fb529b4b501afa86c9cb131923a5d2a80aed93d78e3,2,Normal,False,Normal189.png;Normal446.png,Normal189.png;Normal446.png
EXACT-0242,5b4a47babc57341478b9c0545e160c4e6f112b5bc6f5bc37877a210cd38d7964,2,Normal,False,Normal190.png;Normal618.png,Normal190.png;Normal618.png
EXACT-0243,e5c181eeed4b7551526de3ae733fcd66a1a122b641cee689e36351c5438ea49d,4,Normal,False,Normal191.png;Normal219.png;Normal489.png;Normal538.png,Normal191.png;Normal219.png;Normal489.png;Normal538.png
EXACT-0244,84e9c3e66e222f185641c4d8a0fabf5063d2ecf466f74929eaae9da7a27ba716,2,Normal,False,Normal193.png;Normal628.png,Normal193.png;Normal628.png
EXACT-0245,bcaeddd887cf1bab928b791ff11eed548ffe5daaff26104e702897e96cda23c5,2,Normal,False,Normal196.png;Normal204.png,Normal196.png;Normal204.png
EXACT-0246,2fe618d76159b25ed3aee82fbf523e8df8f4a30cc5b9083c2c3b4004d4cf357d,2,Normal,False,Normal198.png;Normal443.png,Normal198.png;Normal443.png
EXACT-0247,11b3d3794df84ea4fc22a1fb078fbaf35a2731259529fe8c6a287e59574efa6c,3,Normal,False,Normal199.png;Normal612.png;Normal672.png,Normal199.png;Normal612.png;Normal672.png
EXACT-0248,1a79249f08b28a0b9f50b739404d0b9f24642febe4bf79c21c4d91766f817465,3,Normal,False,Normal20.png;Normal300.png;Normal386.png,Normal20.png;Normal300.png;Normal386.png
EXACT-0249,d1eee786462c2fe807540817250181502da74dfbf789715187619df0a79d94df,2,Normal,False,Normal201.png;Normal397.png,Normal201.png;Normal397.png
EXACT-0250,59d95aa89f3ff7a0f504c1b2d6e11605207d636d6e26f258f6b164e1ead58165,3,Normal,False,Normal205.png;Normal242.png;Normal45.png,Normal205.png;Normal242.png;Normal45.png
EXACT-0251,57db870a30e0b596b464d5956fcdb0080c0ccc4f1a5b141f431db88a0a4d8857,2,Normal,False,Normal206.png;Normal291.png,Normal206.png;Normal291.png
EXACT-0252,2ec812803d4e2f2a80b0aa8a594d792263eeffc54e20aa3557e0692df8394b07,5,Normal,False,Normal209.png;Normal281.png;Normal304.png;Normal353.png;Normal556.png,Normal209.png;Normal281.png;Normal304.png;Normal353.png;Normal556.png
EXACT-0253,0b3ea8ed1d12cd49c9782aca4bb6a901591644d31f976d74f36432e1f9a0fccc,2,Normal,False,Normal210.png;Normal395.png,Normal210.png;Normal395.png
EXACT-0254,bea90a32717970074834706f12761a72a2c6a7d1992f67ed48409e407f03b41a,3,Normal,False,Normal212.png;Normal278.png;Normal58.png,Normal212.png;Normal278.png;Normal58.png
EXACT-0255,b63906276d6a5d0dafd5c1a6203c973c0c548a171bee00b9539ee9b2382b8068,2,Normal,False,Normal217.png;Normal486.png,Normal217.png;Normal486.png
EXACT-0256,786b405b1a1c63f35c45031871425207f0ee0e09a64536439e83be9a40f5313d,3,Normal,False,Normal222.png;Normal546.png;Normal676.png,Normal222.png;Normal546.png;Normal676.png
EXACT-0257,0f3b93c1291f389f53cd6df69ec5d237cc5203cb9d4cb27bf9bdfa99d14dc556,3,Normal,False,Normal223.png;Normal458.png;Normal597.png,Normal223.png;Normal458.png;Normal597.png
EXACT-0258,fa21b90a0b35c991e311ccefac08972df4aaf0aed658e15b556aac3867d394b3,4,Normal,False,Normal225.png;Normal342.png;Normal506.png;Normal583.png,Normal225.png;Normal342.png;Normal506.png;Normal583.png
EXACT-0259,87b094db38f09b7f46175c571fbd778edd8d0eb5365085965d695fb510cceea3,2,Normal,False,Normal226.png;Normal285.png,Normal226.png;Normal285.png
EXACT-0260,60516e8185e0f722ab612a39ca1ad147f001e48d2a772b1c67d74e76e09bb8ac,2,Normal,False,Normal227.png;Normal43.png,Normal227.png;Normal43.png
EXACT-0261,c3cf9a1e3fa4f1711941019d3c0b5d2e9b6505187656277c0c6c7dcbc95160c7,7,Normal,False,Normal228.png;Normal267.png;Normal360.png;Normal407.png;Normal579.png;Normal596.png;Normal620.png,Normal228.png;Normal267.png;Normal360.png;Normal407.png;Normal579.png;Normal596.png;Normal620.png
EXACT-0262,07d3f53b8f3ac6b90fcd444fdcb5b80529cfe68a0ec3da9644e3e42e9b4aab42,2,Normal,False,Normal229.png;Normal54.png,Normal229.png;Normal54.png
EXACT-0263,fd1bbbd420c1dfe790355f916029a9c6ed30e37348d48f798f814fad93beb6d9,4,Normal,False,Normal23.png;Normal237.png;Normal264.png;Normal355.png,Normal23.png;Normal237.png;Normal264.png;Normal355.png
EXACT-0264,fdabe93869526cd27fbf7f3656839cf3022d43adcda4b865d2e2e86ff951dcf0,2,Normal,False,Normal230.png;Normal515.png,Normal230.png;Normal515.png
EXACT-0265,da72bbd3965010129e6b77f1f96edd7448a82d70f72014882bbbbe8f6b0708e3,2,Normal,False,Normal235.png;Normal464.png,Normal235.png;Normal464.png
EXACT-0266,f99d9a5e8aab23b152b97807567356d02a27169dfb4980e714f7f828b60b972f,3,Normal,False,Normal238.png;Normal279.png;Normal368.png,Normal238.png;Normal279.png;Normal368.png
EXACT-0267,078e5e7b2ec31dbafe91ff2fa438f792170cb2c6db516b12d4be1b6f2bb72da3,3,Normal,False,Normal239.png;Normal572.png;Normal657.png,Normal239.png;Normal572.png;Normal657.png
EXACT-0268,2afb1dec42475d5775a293abb022384f05ea85e2837b2cd6aa42745b5911dd88,3,Normal,False,Normal24.png;Normal317.png;Normal383.png,Normal24.png;Normal317.png;Normal383.png
EXACT-0269,19f85a4970a92e43b61e9ada0a8f4e1a3f2762c8d5ac2dc194d48b15e16a172e,3,Normal,False,Normal243.png;Normal452.png;Normal582.png,Normal243.png;Normal452.png;Normal582.png
EXACT-0270,eb36a70ae2c850da3fe3d585bd58a2a03fff721f954754136b62a594dff1e0b5,2,Normal,False,Normal244.png;Normal418.png,Normal244.png;Normal418.png
EXACT-0271,01f5c2e6860f472127b99f21cdfc54ee883d85d40e3671d326f3fc630e1053e4,2,Normal,False,Normal248.png;Normal340.png,Normal248.png;Normal340.png
EXACT-0272,2a5462bb934cb29f0c10c79240de584e66106e8137a9eaed3c2c4fcfeff24af4,2,Normal,False,Normal25.png;Normal274.png,Normal25.png;Normal274.png
EXACT-0273,0d32eb6ddcac6df2776df1e60dacb78868d1042739a15e2309cdbdb41459954a,2,Normal,False,Normal250.png;Normal531.png,Normal250.png;Normal531.png
EXACT-0274,1da15518b1fb71704258dac89fb3a91278ab2a28b10808aa6696d13fc0ad36cf,2,Normal,False,Normal252.png;Normal690.png,Normal252.png;Normal690.png
EXACT-0275,9f15c640f0b83fa9e31932600ca115f823ab8e0223e7af395b341f351c8cf88f,2,Normal,False,Normal255.png;Normal64.png,Normal255.png;Normal64.png
EXACT-0276,5a85f5824cf719dd99b3857b6ac937b81d211ab2e1cc4e523b6ab5676e820864,2,Normal,False,Normal256.png;Normal332.png,Normal256.png;Normal332.png
EXACT-0277,244576f064a20440ba27870c094f01ee0e5923a4f2f1ecef501b45512ade0d9f,3,Normal,False,Normal258.png;Normal555.png;Normal651.png,Normal258.png;Normal555.png;Normal651.png
EXACT-0278,c8575f090927704fcc6a01d83b5a60af875c5e2673e5f66215e944ce1dce0f78,2,Normal,False,Normal26.png;Normal364.png,Normal26.png;Normal364.png
EXACT-0279,886a03c3cdb94af5e0d28651c516b2f4ab9f196e551fdf3604eeb7f16b88ccc0,5,Normal,False,Normal260.png;Normal334.png;Normal335.png;Normal379.png;Normal529.png,Normal260.png;Normal334.png;Normal335.png;Normal379.png;Normal529.png
EXACT-0280,f1d24a2f57ce288a00bba569bbb92d073b611d11bff40e70c9cd4050498cb656,2,Normal,False,Normal266.png;Normal644.png,Normal266.png;Normal644.png
EXACT-0281,3388431d519d638b722c4e796d44bface9baad752e22102f75409b9d082ec6b5,2,Normal,False,Normal270.png;Normal439.png,Normal270.png;Normal439.png
EXACT-0282,7218be3d91f5810b903beb241c726abd23ca865b45bacb6e64bf8daa8f5ec521,3,Normal,False,Normal271.png;Normal362.png;Normal659.png,Normal271.png;Normal362.png;Normal659.png
EXACT-0283,1e9cbea608ee8bd5de0a5a25a03e95b34aa7689a4569906de98ee3d32bed669f,3,Normal,False,Normal272.png;Normal336.png;Normal621.png,Normal272.png;Normal336.png;Normal621.png
EXACT-0284,3829bab31b59c93ad88fe81b7c5ac7aa7e0e6a3d408cd0a2e60a2ed44696b9fa,2,Normal,False,Normal276.png;Normal653.png,Normal276.png;Normal653.png
EXACT-0285,e83d0aa9ad799f5d4a327b8166a8a414737b6139a639e282ee7182aed50ea0a9,2,Normal,False,Normal277.png;Normal424.png,Normal277.png;Normal424.png
EXACT-0286,419f3354d656415f8a5a8b2a795d80c74af8bd41c85788256c8e8dd39ed5b3c1,2,Normal,False,Normal282.png;Normal305.png,Normal282.png;Normal305.png
EXACT-0287,b2d4b5eb793b574437cb15f83b8f2bff1c9e1ac8c16764c8ca9571e9d8335449,2,Normal,False,Normal283.png;Normal471.png,Normal283.png;Normal471.png
EXACT-0288,20275a33f93541ec4b1fdfca7aa4c00bbd41270ae9f812e576b6da4f48850680,3,Normal,False,Normal284.png;Normal428.png;Normal468.png,Normal284.png;Normal428.png;Normal468.png
EXACT-0289,fea4edfa0c730844b79bb363674ad73d2f6b50e517ab1111816baf1ace951412,3,Normal,False,Normal288.png;Normal307.png;Normal622.png,Normal288.png;Normal307.png;Normal622.png
EXACT-0290,4d7e35ae9a70323d3f74908edbb4f8bd8b9dd5e1b628293769c02ab53fbf39b8,2,Normal,False,Normal29.png;Normal441.png,Normal29.png;Normal441.png
EXACT-0291,7816935d844a6217d91e661598299f2db7c745724f9e6c9a31bafa0c1490b97e,3,Normal,False,Normal290.png;Normal351.png;Normal655.png,Normal290.png;Normal351.png;Normal655.png
EXACT-0292,6664cfc15857ed363f4d338945245f9627022d602248ce59238c554b9f1e33ce,2,Normal,False,Normal292.png;Normal478.png,Normal292.png;Normal478.png
EXACT-0293,e95c484e5d8c9049ebed00effb5cad66393593067fb31cb702e9e956477f6e0b,2,Normal,False,Normal295.png;Normal511.png,Normal295.png;Normal511.png
EXACT-0294,3ac492bbe94a6882c0553f74b62d0ef53779924af36dc432ba2be436e387fb9a,2,Normal,False,Normal297.png;Normal318.png,Normal297.png;Normal318.png
EXACT-0295,c08f7af084f269fa7c820ca3d409be23ba506ed9a1436602a19448b6b4f76e1f,2,Normal,False,Normal298.png;Normal314.png,Normal298.png;Normal314.png
EXACT-0296,ac755b732d30cd27048521986202a61ff9b5282a36e78d42c9ef2a241a974cc5,2,Normal,False,Normal299.png;Normal33.png,Normal299.png;Normal33.png
EXACT-0297,7d90794575e5d3d26f5811e1b8ea0fe6214afdd1888a0fb806b74b08178ebc08,2,Normal,False,Normal30.png;Normal561.png,Normal30.png;Normal561.png
EXACT-0298,648c06c6cbd64604da5b7084895610610aac5bfd12412e5280001bfd7b17b520,2,Normal,False,Normal302.png;Normal375.png,Normal302.png;Normal375.png
EXACT-0299,9a1b028d6969e3a34cc311ee0d29e872bc8fdf39341285cf3a1969425e63f540,2,Normal,False,Normal306.png;Normal513.png,Normal306.png;Normal513.png
EXACT-0300,e4185263afdab2c136f261e9fae14384245dbf25d58bd832977bd00862a1ca80,3,Normal,False,Normal309.png;Normal459.png;Normal78.png,Normal309.png;Normal459.png;Normal78.png
EXACT-0301,ddc1307267e3de8bf31a270086cd670a0c0fa5452f967c7bc110adf32428f520,2,Normal,False,Normal310.png;Normal504.png,Normal310.png;Normal504.png
EXACT-0302,ad1a2ebcb2309e31412de04ec9c4284f500ba928b88b4bc4709a575dc02023d2,2,Normal,False,Normal313.png;Normal421.png,Normal313.png;Normal421.png
EXACT-0303,8c1e5660e6e0bdec162fa71d54925ae37e0d73f383ab17f2231c5f2f5ac2388c,2,Normal,False,Normal319.png;Normal508.png,Normal319.png;Normal508.png
EXACT-0304,9e859de51e6e3b0e98b1bca16a7d73554e129386dca8d4ec5acc5911c7187380,2,Normal,False,Normal320.png;Normal550.png,Normal320.png;Normal550.png
EXACT-0305,b2925269842a56a2de9394c630e057181c50d01d50c4a273cf203eb7ab45802f,3,Normal,False,Normal323.png;Normal50.png;Normal53.png,Normal323.png;Normal50.png;Normal53.png
EXACT-0306,85fa762667d866cc604b568ac5932d9b3084f4425723d3066fccf8fa4e8d8230,2,Normal,False,Normal328.png;Normal84.png,Normal328.png;Normal84.png
EXACT-0307,261fa8dd8b0f1f75af5d09ed975c3e37e63911b137f741d11b292819d5a42153,2,Normal,False,Normal337.png;Normal590.png,Normal337.png;Normal590.png
EXACT-0308,bdfb5edfe23f81417eb7f7234bb3b2a607287c62e00fe3e199bc1bbd42a32651,2,Normal,False,Normal345.png;Normal498.png,Normal345.png;Normal498.png
EXACT-0309,e76fa52f24defee1a689f17fd95da00292e6f6a9ae1edc0432a963ea8c427162,2,Normal,False,Normal347.png;Normal616.png,Normal347.png;Normal616.png
EXACT-0310,e15b4588c960f64f28f58daffbd1cea84d375aeee2df3045c2a575300d741745,2,Normal,False,Normal349.png;Normal456.png,Normal349.png;Normal456.png
EXACT-0311,871148fff1d4fc85f34fc52c917da6d706fb9b296f7a71f1c5b8425f7e636563,2,Normal,False,Normal35.png;Normal371.png,Normal35.png;Normal371.png
EXACT-0312,669f38de4010ccb1e06f7b384ce0199100aead437ef792e5652c0d665fb98f17,2,Normal,False,Normal350.png;Normal352.png,Normal350.png;Normal352.png
EXACT-0313,5b033c2b154bdad240b273a1c1aba3491f222480626707ef21c830b8b6d8f190,2,Normal,False,Normal356.png;Normal475.png,Normal356.png;Normal475.png
EXACT-0314,c7d0343d2970f81a2e5389b70edb49c14bae743a78448963614597be66db5822,3,Normal,False,Normal359.png;Normal6.png;Normal614.png,Normal359.png;Normal6.png;Normal614.png
EXACT-0315,3baea82d5b14aca04cb2c9bb950d2f8ad06c2e0a86e39d0660188a31c9523e29,3,Normal,False,Normal36.png;Normal495.png;Normal585.png,Normal36.png;Normal495.png;Normal585.png
EXACT-0316,51c73395d9f49efd6e7bab5c8d06066ad848464dcbd04e2ef6e55d0dca582601,2,Normal,False,Normal365.png;Normal624.png,Normal365.png;Normal624.png
EXACT-0317,280047046b8344935830b13621733b4d83679dcd7fa0b0533e591ae3be09e6da,2,Normal,False,Normal369.png;Normal411.png,Normal369.png;Normal411.png
EXACT-0318,397e129906173040da32f20cab6baf939ced7e1f50dac58b7129a5aadaba3425,2,Normal,False,Normal373.png;Normal56.png,Normal373.png;Normal56.png
EXACT-0319,b693c3e429186f427e469bf7318e05b2cd42a5fd84d6bcec2a5790310d1f2538,2,Normal,False,Normal374.png;Normal461.png,Normal374.png;Normal461.png
EXACT-0320,64e809d2995a29bfb5afbec737c684f28b946f45acf072d0fb558c29a040724f,2,Normal,False,Normal376.png;Normal665.png,Normal376.png;Normal665.png
EXACT-0321,3766f50add22091cb6ef1610900a718e0c4c013aa0ef552a97e57196ed808374,2,Normal,False,Normal377.png;Normal581.png,Normal377.png;Normal581.png
EXACT-0322,4ab097e32d99b6d3e728be61eba442086f845d222e1891677029651669e96961,2,Normal,False,Normal382.png;Normal434.png,Normal382.png;Normal434.png
EXACT-0323,7ff2c6556020d859a64d4600705496f27434d7f7df40ecbf3d17756f8cb85b56,2,Normal,False,Normal388.png;Normal72.png,Normal388.png;Normal72.png
EXACT-0324,0bd9bcf5b73226769896d249ab5499589a5c82317555f6f7f08cd4ce74a9c30e,2,Normal,False,Normal389.png;Normal393.png,Normal389.png;Normal393.png
EXACT-0325,a4f588f581d7e350c6139559fe5ddb0485ec92a62d60e1cf4764a2c3172eee09,2,Normal,False,Normal390.png;Normal623.png,Normal390.png;Normal623.png
EXACT-0326,e5cadcec1f27d4ddf2263a050b95db610ddb1cbba0f4a2739a2c7657206312b0,3,Normal,False,Normal40.png;Normal632.png;Normal85.png,Normal40.png;Normal632.png;Normal85.png
EXACT-0327,68f6e508e388b0e562dfd526ed88af3b1035569bdcc01e885f7fb5be2645a522,2,Normal,False,Normal405.png;Normal615.png,Normal405.png;Normal615.png
EXACT-0328,9ad0d84d13fc773af0415ae34154e5c5956c4553ac570d0d8718139b156fd925,3,Normal,False,Normal406.png;Normal641.png;Normal684.png,Normal406.png;Normal641.png;Normal684.png
EXACT-0329,4466072e7cd6d336542bc4f527fc171627e309a20f510dbe9fea64a4367bddf8,2,Normal,False,Normal408.png;Normal530.png,Normal408.png;Normal530.png
EXACT-0330,17c95fea2551c56b316a80cc84a86cadf623ee5d8c7d81a79b1f558c0278b8b7,2,Normal,False,Normal409.png;Normal656.png,Normal409.png;Normal656.png
EXACT-0331,5d8b5ed9517d6ef37a428b29f18943725019846595b4c109c1aa7e06936eac6a,2,Normal,False,Normal414.png;Normal516.png,Normal414.png;Normal516.png
EXACT-0332,77baf1513cf4dfa49b86f318dcc5319fa8f67342c5584e74231d90fc41579b6a,2,Normal,False,Normal415.png;Normal639.png,Normal415.png;Normal639.png
EXACT-0333,969466bbb03122974108e0832a418a55c1e0508897827d98ac5d8bc0496e7e07,2,Normal,False,Normal417.png;Normal578.png,Normal417.png;Normal578.png
EXACT-0334,3d5e66746f9ba9f190486748efb810b29e33d3fc46a4cdf2ded300933361441d,2,Normal,False,Normal420.png;Normal557.png,Normal420.png;Normal557.png
EXACT-0335,2fa9f6abd02ffc2bd56f6401e82329f07657bde2bf27e5f680b1728d255db6e9,2,Normal,False,Normal423.png;Normal589.png,Normal423.png;Normal589.png
EXACT-0336,4a193c7ea7f9bda4399555c44ba7fa01f30bc48b7e421baca1b945b08c9747a7,4,Normal,False,Normal432.png;Normal635.png;Normal694.png;Normal97.png,Normal432.png;Normal635.png;Normal694.png;Normal97.png
EXACT-0337,4848bf3f4373c9a0edf3fd0b3b70b1297d3ed67de4175e3a6a8f95de59ac2409,2,Normal,False,Normal445.png;Normal660.png,Normal445.png;Normal660.png
EXACT-0338,ab00200e5159a1cc17e262af4f1a2e9c7e2fc75e1b9b41c5e953436dbfcb9cee,2,Normal,False,Normal448.png;Normal80.png,Normal448.png;Normal80.png
EXACT-0339,57164b357ba006d059efc418031242ae1ed73c3e133ace4102350d846d47e4cf,2,Normal,False,Normal451.png;Normal490.png,Normal451.png;Normal490.png
EXACT-0340,cebc4bac7bc10094a1804a5f6e2a732c7638703617816eef7c25e065f6bf0ef3,3,Normal,False,Normal455.png;Normal536.png;Normal564.png,Normal455.png;Normal536.png;Normal564.png
EXACT-0341,8a6b0ecd286ea87ba0e047cc37ae91e498ddd46a76ad88e5f11564f26b895bba,2,Normal,False,Normal457.png;Normal517.png,Normal457.png;Normal517.png
EXACT-0342,e3765e230b4163ae52ce41661390b614adec122a1e47fc1707fff9cc7c467d8d,3,Normal,False,Normal46.png;Normal554.png;Normal91.png,Normal46.png;Normal554.png;Normal91.png
EXACT-0343,834396bbb1a2dc7bbdcf46eb18c98514346d9f4a68915c1a75e0c733ee9ee4d0,2,Normal,False,Normal462.png;Normal81.png,Normal462.png;Normal81.png
EXACT-0344,667ff3059d6154718307adc9966e6d5e757b8944585bce665ddfd77afd9578a6,2,Normal,False,Normal467.png;Normal697.png,Normal467.png;Normal697.png
EXACT-0345,928d39b0de21e81b666aa8df45d414bfb73ba39e8edfbb4370092928f52b9afd,2,Normal,False,Normal47.png;Normal527.png,Normal47.png;Normal527.png
EXACT-0346,c0249292085bfa90eec04bac9a2f00a0d6768409e93dd273590730364c0ce501,2,Normal,False,Normal470.png;Normal542.png,Normal470.png;Normal542.png
EXACT-0347,dfae852228b5e67fe4f45674cc7091146552b0f13f87cf80122bb8f68598e237,3,Normal,False,Normal472.png;Normal524.png;Normal574.png,Normal472.png;Normal524.png;Normal574.png
EXACT-0348,28440d6a07de3e2a8ebcb98505490b17ae9749f168c8ac47320500edf8b92806,2,Normal,False,Normal480.png;Normal500.png,Normal480.png;Normal500.png
EXACT-0349,4039f9fabee1f85ad108d7a7fc1a56b0317b9fed0fd257cdd5c7aa9147f36812,3,Normal,False,Normal482.png;Normal598.png;Normal95.png,Normal482.png;Normal598.png;Normal95.png
EXACT-0350,3723a2b9f7402f845723b65a627f74be9014dc5ff664d129b91dff5c671c082c,2,Normal,False,Normal494.png;Normal63.png,Normal494.png;Normal63.png
EXACT-0351,348ed6444a1b9851d6d86b752b1e39c3ad77c80b6d5b5e9a7ccb0f889bb1d978,2,Normal,False,Normal496.png;Normal642.png,Normal496.png;Normal642.png
EXACT-0352,e329ddd2cf448ead53793fe0f65fb2ddd575f906174c530f10d2730addd13ed3,2,Normal,False,Normal499.png;Normal65.png,Normal499.png;Normal65.png
EXACT-0353,b7fb84120b8530c901d5abbfb7c0a7184c6422beb576fe6101c47a602d98f256,2,Normal,False,Normal505.png;Normal645.png,Normal505.png;Normal645.png
EXACT-0354,c6582d85cff65d0e12d5338d0bf6f0e6d3c511486d3a83379080d49a96e746e0,2,Normal,False,Normal509.png;Normal559.png,Normal509.png;Normal559.png
EXACT-0355,f9606fbd16f93f8c5bc3925c91bf162f14780e8e943ce67eed7c475f1b68cc6e,2,Normal,False,Normal510.png;Normal613.png,Normal510.png;Normal613.png
EXACT-0356,b770e31d77951a5fc7434de2c391b33be88763cb954966993c49fa827d81ae38,2,Normal,False,Normal528.png;Normal563.png,Normal528.png;Normal563.png
EXACT-0357,4d215a0bc881434ac732a0a92512f8a33aa27247d8663a97900000ca35a5261f,2,Normal,False,Normal537.png;Normal565.png,Normal537.png;Normal565.png
EXACT-0358,c79690cdfa6ba66426d095d1a037a9b4992c45468ad981a4391451c5bfc2a9cd,2,Normal,False,Normal544.png;Normal689.png,Normal544.png;Normal689.png
EXACT-0359,6cfbba7940f41a88d4054440c15ef139555fe83b73f624e64545f318195b23b7,2,Normal,False,Normal545.png;Normal59.png,Normal545.png;Normal59.png
EXACT-0360,7816987f1b8bef9aff4fd5466915fa5215e072355dd7259d1b3d18e66f84500e,2,Normal,False,Normal547.png;Normal69.png,Normal547.png;Normal69.png
EXACT-0361,c0c2b5e909f15541f34d6ff91bdbd9a431ce8c1a0e2f14260aa5e91e77128afc,2,Normal,False,Normal549.png;Normal652.png,Normal549.png;Normal652.png
EXACT-0362,b0122f8954bd4902f1c44dece677816d811f55646acf94e234b18447fe16fb6d,2,Normal,False,Normal602.png;Normal611.png,Normal602.png;Normal611.png
EXACT-0363,cdb4407c4b24697ab78c8dcd82f89194c37018eca35f6afb04af6d1f23affa84,2,Normal,False,Normal61.png;Normal62.png,Normal61.png;Normal62.png
EXACT-0364,4781a49fec81c39a3d0931541e6a824c56b885040e507ef172a487c043879731,2,Normal,False,Normal633.png;Normal75.png,Normal633.png;Normal75.png
EXACT-0365,cefa895d036fc4930e2c7decb9768f34db19da620ef2616149225b687ffc4c7d,2,Normal,False,Normal648.png;Normal668.png,Normal648.png;Normal668.png
EXACT-0366,331d775ccb3838c14d8c0317b94aebfcaa13e319a5c1df38407406c2572529f0,2,Normal,False,Normal650.png;Normal695.png,Normal650.png;Normal695.png
EXACT-0367,c4b449b1fdc17706e0eac898580069b558b49cfdafeeaf7c438737486c88673b,2,Normal,False,Normal658.png;Normal8.png,Normal658.png;Normal8.png
EXACT-0368,2998e8ce33b7806dcf294f17870162c66e7522d08881550bf5b10b6e4572bc98,8,Severe,False,Severe1395.png;Severe1405.png;Severe1505.png;Severe1541.png;Severe1548.png;Severe1654.png;Severe1751.png;Severe1864.png,Severe1395.png;Severe1405.png;Severe1505.png;Severe1541.png;Severe1548.png;Severe1654.png;Severe1751.png;Severe1864.png
EXACT-0369,0919d184bbbb281a7ef23d5e947b9b9a9920346a710fe72510e34914229bdda4,11,Severe,False,Severe1396.png;Severe1468.png;Severe1469.png;Severe1550.png;Severe1614.png;Severe1712.png;Severe1840.png;Severe1877.png;Severe1935.png;Severe2063.png;Severe2091.png,Severe1396.png;Severe1468.png;Severe1469.png;Severe1550.png;Severe1614.png;Severe1712.png;Severe1840.png;Severe1877.png;Severe1935.png;Severe2063.png;Severe2091.png
EXACT-0370,a5535192241abf0c8e19fa2f0ca153c68caa757315959bfdff8dc84d406b5d02,7,Severe,False,Severe1397.png;Severe1406.png;Severe1563.png;Severe1606.png;Severe1612.png;Severe1853.png;Severe2044.png,Severe1397.png;Severe1406.png;Severe1563.png;Severe1606.png;Severe1612.png;Severe1853.png;Severe2044.png
EXACT-0371,88ca04fe128aac9f354b40d7977711ee1c78e19b2299fe81975b91671620c214,7,Severe,False,Severe1398.png;Severe1509.png;Severe1520.png;Severe1644.png;Severe1729.png;Severe1950.png;Severe2088.png,Severe1398.png;Severe1509.png;Severe1520.png;Severe1644.png;Severe1729.png;Severe1950.png;Severe2088.png
EXACT-0372,c01a16667bd74d5d9fcaf519488b2904ae256d284ed8a44383b031b03f746595,10,Severe,False,Severe1399.png;Severe1414.png;Severe1476.png;Severe1497.png;Severe1506.png;Severe1796.png;Severe1870.png;Severe1916.png;Severe1954.png;Severe1985.png,Severe1399.png;Severe1414.png;Severe1476.png;Severe1497.png;Severe1506.png;Severe1796.png;Severe1870.png;Severe1916.png;Severe1954.png;Severe1985.png
EXACT-0373,258b89f8497f6314ae34bccbaa57ee6e4fc8a12b54276414a9413236d5cc615d,7,Severe,False,Severe1400.png;Severe1447.png;Severe1604.png;Severe1607.png;Severe1829.png;Severe1980.png;Severe2007.png,Severe1400.png;Severe1447.png;Severe1604.png;Severe1607.png;Severe1829.png;Severe1980.png;Severe2007.png
EXACT-0374,3f1eaf9badb441619d60c360d1e914d172ba2efea2adfb29347eade322617bff,6,Severe,False,Severe1401.png;Severe1404.png;Severe1500.png;Severe1725.png;Severe1770.png;Severe2047.png,Severe1401.png;Severe1404.png;Severe1500.png;Severe1725.png;Severe1770.png;Severe2047.png
EXACT-0375,e6691f3e459c889264ba02d09048e46f10d5890a3b6cb171f2bcbc353a4e1f91,12,Severe,False,Severe1402.png;Severe1488.png;Severe1611.png;Severe1631.png;Severe1776.png;Severe1788.png;Severe1793.png;Severe1830.png;Severe1876.png;Severe1878.png;Severe1880.png;Severe2058.png,Severe1402.png;Severe1488.png;Severe1611.png;Severe1631.png;Severe1776.png;Severe1788.png;Severe1793.png;Severe1830.png;Severe1876.png;Severe1878.png;Severe1880.png;Severe2058.png
EXACT-0376,4b03194035f2ffad4b478a4cf37a19edd122238c89060deeb9fe34d4e613853d,9,Severe,False,Severe1403.png;Severe1455.png;Severe1559.png;Severe1570.png;Severe1581.png;Severe1708.png;Severe1857.png;Severe2069.png;Severe2072.png,Severe1403.png;Severe1455.png;Severe1559.png;Severe1570.png;Severe1581.png;Severe1708.png;Severe1857.png;Severe2069.png;Severe2072.png
EXACT-0377,83852ec7520d975e4cc82e022c928a96da56373b77f7e092b6dc15123770500f,5,Severe,False,Severe1407.png;Severe1599.png;Severe1668.png;Severe1834.png;Severe2079.png,Severe1407.png;Severe1599.png;Severe1668.png;Severe1834.png;Severe2079.png
EXACT-0378,1bcabbbe7361fd60b9b3669c05e8f76472fa982d4ca585a2e4620dee030bce9a,15,Severe,False,Severe1408.png;Severe1690.png;Severe1716.png;Severe1719.png;Severe1731.png;Severe1740.png;Severe1831.png;Severe1863.png;Severe1875.png;Severe1923.png;Severe1937.png;Severe1940.png;Severe1944.png;Severe2029.png;Severe2083.png,Severe1408.png;Severe1690.png;Severe1716.png;Severe1719.png;Severe1731.png;Severe1740.png;Severe1831.png;Severe1863.png;Severe1875.png;Severe1923.png;Severe1937.png;Severe1940.png;Severe1944.png;Severe2029.png;Severe2083.png
EXACT-0379,312864e0ee900aac48c5c53f2fd45295ca490d2497038682010a1802f5353b8f,10,Severe,False,Severe1409.png;Severe1473.png;Severe1474.png;Severe1523.png;Severe1583.png;Severe1608.png;Severe1742.png;Severe1774.png;Severe1869.png;Severe1931.png,Severe1409.png;Severe1473.png;Severe1474.png;Severe1523.png;Severe1583.png;Severe1608.png;Severe1742.png;Severe1774.png;Severe1869.png;Severe1931.png
EXACT-0380,d82b4b4b5ee5d137952cee04678882270bd7f30a9e33a3926799be39a14b70b6,8,Severe,False,Severe1410.png;Severe1446.png;Severe1470.png;Severe1573.png;Severe1613.png;Severe1659.png;Severe1798.png;Severe1920.png,Severe1410.png;Severe1446.png;Severe1470.png;Severe1573.png;Severe1613.png;Severe1659.png;Severe1798.png;Severe1920.png
EXACT-0381,a582309a4cb871f95b9e8dbf4cdb6046352bef5211fdc237288a67b9d5a1426b,9,Severe,False,Severe1411.png;Severe1416.png;Severe1627.png;Severe1711.png;Severe1721.png;Severe1749.png;Severe1779.png;Severe1820.png;Severe1964.png,Severe1411.png;Severe1416.png;Severe1627.png;Severe1711.png;Severe1721.png;Severe1749.png;Severe1779.png;Severe1820.png;Severe1964.png
EXACT-0382,7676ce77874616e4977249cbf3627a7cae7ceabb562d5c57072f714a061f0af7,8,Severe,False,Severe1412.png;Severe1492.png;Severe1571.png;Severe1671.png;Severe1746.png;Severe1936.png;Severe1941.png;Severe2004.png,Severe1412.png;Severe1492.png;Severe1571.png;Severe1671.png;Severe1746.png;Severe1936.png;Severe1941.png;Severe2004.png
EXACT-0383,9c5fb8eb78c9d8e5b4a290c50ba5bd4acf92b3458aafae02b53b9037c78353b2,13,Severe,False,Severe1413.png;Severe1426.png;Severe1449.png;Severe1568.png;Severe1754.png;Severe1806.png;Severe1816.png;Severe1819.png;Severe1882.png;Severe1891.png;Severe1904.png;Severe1919.png;Severe1959.png,Severe1413.png;Severe1426.png;Severe1449.png;Severe1568.png;Severe1754.png;Severe1806.png;Severe1816.png;Severe1819.png;Severe1882.png;Severe1891.png;Severe1904.png;Severe1919.png;Severe1959.png
EXACT-0384,7f1479c3a34e26aabe35d504de2ea3c40d4e1eaa99b7e3bbb5f97e8ea535cdc7,14,Severe,False,Severe1415.png;Severe1496.png;Severe1580.png;Severe1596.png;Severe1691.png;Severe1747.png;Severe1777.png;Severe1792.png;Severe1841.png;Severe1897.png;Severe1986.png;Severe2017.png;Severe2043.png;Severe2060.png,Severe1415.png;Severe1496.png;Severe1580.png;Severe1596.png;Severe1691.png;Severe1747.png;Severe1777.png;Severe1792.png;Severe1841.png;Severe1897.png;Severe1986.png;Severe2017.png;Severe2043.png;Severe2060.png
EXACT-0385,3d4afd3aa610737c6bbad420168cae69c0201262088bd658cb99d4b728777ad0,6,Severe,False,Severe1417.png;Severe1480.png;Severe1512.png;Severe1642.png;Severe1738.png;Severe1849.png,Severe1417.png;Severe1480.png;Severe1512.png;Severe1642.png;Severe1738.png;Severe1849.png
EXACT-0386,208c85193f8ce3b21c69164efff304c59b4e9ab474125ea9a2fc629aab36337c,6,Severe,False,Severe1418.png;Severe1462.png;Severe1702.png;Severe1784.png;Severe1804.png;Severe1805.png,Severe1418.png;Severe1462.png;Severe1702.png;Severe1784.png;Severe1804.png;Severe1805.png
EXACT-0387,bc4101533c713be0fec225337e8ee2d0cf7f9e7fa2b942efe3cd567a6ebb2e7a,16,Severe,False,Severe1419.png;Severe1457.png;Severe1540.png;Severe1650.png;Severe1652.png;Severe1680.png;Severe1683.png;Severe1766.png;Severe1767.png;Severe1785.png;Severe1808.png;Severe1811.png;Severe1885.png;Severe1961.png;Severe2018.png;Severe2038.png,Severe1419.png;Severe1457.png;Severe1540.png;Severe1650.png;Severe1652.png;Severe1680.png;Severe1683.png;Severe1766.png;Severe1767.png;Severe1785.png;Severe1808.png;Severe1811.png;Severe1885.png;Severe1961.png;Severe2018.png;Severe2038.png
EXACT-0388,8b80d03826231d2de081204c769b82afd1e79b1ae07c87b9a6dd915f222d591b,12,Severe,False,Severe1420.png;Severe1453.png;Severe1504.png;Severe1521.png;Severe1531.png;Severe1600.png;Severe1629.png;Severe1791.png;Severe1900.png;Severe1918.png;Severe1969.png;Severe2042.png,Severe1420.png;Severe1453.png;Severe1504.png;Severe1521.png;Severe1531.png;Severe1600.png;Severe1629.png;Severe1791.png;Severe1900.png;Severe1918.png;Severe1969.png;Severe2042.png
EXACT-0389,21e2fcb47169ab523db29c8289c38e31e7a5cf3aa8f83dae2e22a1a44a716151,9,Severe,False,Severe1421.png;Severe1545.png;Severe1651.png;Severe1700.png;Severe1801.png;Severe1901.png;Severe1975.png;Severe2053.png;Severe2070.png,Severe1421.png;Severe1545.png;Severe1651.png;Severe1700.png;Severe1801.png;Severe1901.png;Severe1975.png;Severe2053.png;Severe2070.png
EXACT-0390,cce1cd1bf44c1ea87336c265db3fa6764d7b4bf1212a472b3edb7f0e6a2f018d,11,Severe,False,Severe1422.png;Severe1590.png;Severe1598.png;Severe1677.png;Severe1714.png;Severe1734.png;Severe1743.png;Severe1815.png;Severe1817.png;Severe2023.png;Severe2062.png,Severe1422.png;Severe1590.png;Severe1598.png;Severe1677.png;Severe1714.png;Severe1734.png;Severe1743.png;Severe1815.png;Severe1817.png;Severe2023.png;Severe2062.png
EXACT-0391,86e6d77f458da344ea0a76b9f2c50b8acfc65d20369c0661c2a3940471f08d5a,11,Severe,False,Severe1423.png;Severe1549.png;Severe1603.png;Severe1643.png;Severe1705.png;Severe1750.png;Severe1795.png;Severe1855.png;Severe1910.png;Severe1958.png;Severe1998.png,Severe1423.png;Severe1549.png;Severe1603.png;Severe1643.png;Severe1705.png;Severe1750.png;Severe1795.png;Severe1855.png;Severe1910.png;Severe1958.png;Severe1998.png
EXACT-0392,50c848323f01547d9a002d153fbd4238ff3f5a6c6e2ba78e8824a20cac3e5ca3,3,Severe,False,Severe1424.png;Severe1848.png;Severe2061.png,Severe1424.png;Severe1848.png;Severe2061.png
EXACT-0393,3f1832463299b8d4c12059e74886e46dacfe93727c7cb4a64cafbaaa2a3ef7ff,4,Severe,False,Severe1425.png;Severe1667.png;Severe1695.png;Severe1771.png,Severe1425.png;Severe1667.png;Severe1695.png;Severe1771.png
EXACT-0394,435eb111d8ec8f38e1a4e70d006123485daf2ef3819e46b9cf14187d76293505,8,Severe,False,Severe1427.png;Severe1630.png;Severe1648.png;Severe1748.png;Severe1761.png;Severe1894.png;Severe1995.png;Severe2067.png,Severe1427.png;Severe1630.png;Severe1648.png;Severe1748.png;Severe1761.png;Severe1894.png;Severe1995.png;Severe2067.png
EXACT-0395,75a4cdcf0aa89f4f4333ffb072ac9f96f015c6e9a67b62814d6f5afa56a2eb75,7,Severe,False,Severe1428.png;Severe1517.png;Severe1524.png;Severe1534.png;Severe1555.png;Severe1907.png;Severe2086.png,Severe1428.png;Severe1517.png;Severe1524.png;Severe1534.png;Severe1555.png;Severe1907.png;Severe2086.png
EXACT-0396,ff0942d6bb4e87c2497577610b52f6e1256f41f9ba0ff212ffe2257c84d61944,10,Severe,False,Severe1429.png;Severe1539.png;Severe1543.png;Severe1544.png;Severe1551.png;Severe1587.png;Severe1694.png;Severe1873.png;Severe2028.png;Severe2032.png,Severe1429.png;Severe1539.png;Severe1543.png;Severe1544.png;Severe1551.png;Severe1587.png;Severe1694.png;Severe1873.png;Severe2028.png;Severe2032.png
EXACT-0397,befe3c7ce2185656ab8a2f55afac457c2e9a8763ea7488ac9fd82a0372d975e0,12,Severe,False,Severe1430.png;Severe1444.png;Severe1499.png;Severe1511.png;Severe1538.png;Severe1628.png;Severe1637.png;Severe1845.png;Severe1942.png;Severe1993.png;Severe2010.png;Severe2026.png,Severe1430.png;Severe1444.png;Severe1499.png;Severe1511.png;Severe1538.png;Severe1628.png;Severe1637.png;Severe1845.png;Severe1942.png;Severe1993.png;Severe2010.png;Severe2026.png
EXACT-0398,d788fde4fa7da4d7e2cddb0bb519a64e0303d0046b6683ea27a9f13d371c1639,7,Severe,False,Severe1431.png;Severe1463.png;Severe1591.png;Severe1646.png;Severe1812.png;Severe1838.png;Severe1945.png,Severe1431.png;Severe1463.png;Severe1591.png;Severe1646.png;Severe1812.png;Severe1838.png;Severe1945.png
EXACT-0399,255613e4506751ccc6309fc95790d90d119901d2703d8dc2b53dc0e1b21fc9b2,5,Severe,False,Severe1432.png;Severe1459.png;Severe1525.png;Severe1621.png;Severe2015.png,Severe1432.png;Severe1459.png;Severe1525.png;Severe1621.png;Severe2015.png
EXACT-0400,a96fd3d847f1c188cf96db2e3399c4eb2a9bad58384d8caed53661faf6f14172,11,Severe,False,Severe1433.png;Severe1456.png;Severe1489.png;Severe1494.png;Severe1567.png;Severe1720.png;Severe1739.png;Severe1758.png;Severe1762.png;Severe1822.png;Severe1892.png,Severe1433.png;Severe1456.png;Severe1489.png;Severe1494.png;Severe1567.png;Severe1720.png;Severe1739.png;Severe1758.png;Severe1762.png;Severe1822.png;Severe1892.png
EXACT-0401,c5fae5773b3bb0504b40d39f69b26d49887823943152f91bd91d0b91183096ed,8,Severe,False,Severe1434.png;Severe1472.png;Severe1558.png;Severe1569.png;Severe1672.png;Severe1674.png;Severe1922.png;Severe2054.png,Severe1434.png;Severe1472.png;Severe1558.png;Severe1569.png;Severe1672.png;Severe1674.png;Severe1922.png;Severe2054.png
EXACT-0402,d03bd5aae4ec1e810d92c7cf7d8676b96d94ed0226842cacf6796c4e634c96eb,7,Severe,False,Severe1435.png;Severe1515.png;Severe1560.png;Severe1718.png;Severe1722.png;Severe1745.png;Severe1932.png,Severe1435.png;Severe1515.png;Severe1560.png;Severe1718.png;Severe1722.png;Severe1745.png;Severe1932.png
EXACT-0403,c986737d1eee1ce9e3b48995c60be3279c444d86a4f438608b9011ade92a9b2a,9,Severe,False,Severe1436.png;Severe1503.png;Severe1510.png;Severe1717.png;Severe1786.png;Severe1813.png;Severe1856.png;Severe1906.png;Severe2075.png,Severe1436.png;Severe1503.png;Severe1510.png;Severe1717.png;Severe1786.png;Severe1813.png;Severe1856.png;Severe1906.png;Severe2075.png
EXACT-0404,b63a71e32e254254412d6ed15346b6617c060bb9948e91f55be207f98358a999,8,Severe,False,Severe1437.png;Severe1684.png;Severe1713.png;Severe1893.png;Severe1927.png;Severe1957.png;Severe1983.png;Severe2024.png,Severe1437.png;Severe1684.png;Severe1713.png;Severe1893.png;Severe1927.png;Severe1957.png;Severe1983.png;Severe2024.png
EXACT-0405,6b53b0f6a99553051e7f5f618326301788825c6afbc503a8d5595ac8b2357d42,4,Severe,False,Severe1438.png;Severe1656.png;Severe1681.png;Severe1821.png,Severe1438.png;Severe1656.png;Severe1681.png;Severe1821.png
EXACT-0406,77c890b54e8fc8addc7f05484f1470d4fd0953ea371dcd1883a1bcc4a185dc07,10,Severe,False,Severe1439.png;Severe1460.png;Severe1464.png;Severe1481.png;Severe1493.png;Severe1640.png;Severe1823.png;Severe1924.png;Severe1978.png;Severe2073.png,Severe1439.png;Severe1460.png;Severe1464.png;Severe1481.png;Severe1493.png;Severe1640.png;Severe1823.png;Severe1924.png;Severe1978.png;Severe2073.png
EXACT-0407,04ddb9e06e343ce4315d89fad2efd2e26ff6393dc1851cccadd70c082be9331c,9,Severe,False,Severe1440.png;Severe1495.png;Severe1584.png;Severe1597.png;Severe1649.png;Severe1710.png;Severe1874.png;Severe2071.png;Severe2076.png,Severe1440.png;Severe1495.png;Severe1584.png;Severe1597.png;Severe1649.png;Severe1710.png;Severe1874.png;Severe2071.png;Severe2076.png
EXACT-0408,821822f03229032c7a623ed0be4c9f78ad2e246924d024722cef738ca62441e7,2,Severe,False,Severe1441.png;Severe1790.png,Severe1441.png;Severe1790.png
EXACT-0409,ae48828d131be574247cee70715c97c59c6fd8a5538441b1bc13a1244f73f3b5,16,Severe,False,Severe1442.png;Severe1532.png;Severe1585.png;Severe1605.png;Severe1624.png;Severe1669.png;Severe1676.png;Severe1715.png;Severe1737.png;Severe1763.png;Severe1765.png;Severe1773.png;Severe1800.png;Severe1867.png;Severe1872.png;Severe2045.png,Severe1442.png;Severe1532.png;Severe1585.png;Severe1605.png;Severe1624.png;Severe1669.png;Severe1676.png;Severe1715.png;Severe1737.png;Severe1763.png;Severe1765.png;Severe1773.png;Severe1800.png;Severe1867.png;Severe1872.png;Severe2045.png
EXACT-0410,f7d535d4e53af1fb374820adb2395cc232126ce5a7b9648ddc3bcff62c7d6bdf,8,Severe,False,Severe1443.png;Severe1572.png;Severe1661.png;Severe1769.png;Severe1794.png;Severe1847.png;Severe1908.png;Severe1997.png,Severe1443.png;Severe1572.png;Severe1661.png;Severe1769.png;Severe1794.png;Severe1847.png;Severe1908.png;Severe1997.png
EXACT-0411,a2f3bfe404a40600e95c679b8b548abc1af56caba7e208669e1ff6c72cd1d894,9,Severe,False,Severe1445.png;Severe1461.png;Severe1467.png;Severe1582.png;Severe1657.png;Severe1826.png;Severe1917.png;Severe1973.png;Severe1987.png,Severe1445.png;Severe1461.png;Severe1467.png;Severe1582.png;Severe1657.png;Severe1826.png;Severe1917.png;Severe1973.png;Severe1987.png
EXACT-0412,58c46875c985963ead96a19b1196156dcda8e66dc97df28aa83673b240bf21a0,9,Severe,False,Severe1448.png;Severe1486.png;Severe1490.png;Severe1519.png;Severe1639.png;Severe1658.png;Severe1862.png;Severe2022.png;Severe2050.png,Severe1448.png;Severe1486.png;Severe1490.png;Severe1519.png;Severe1639.png;Severe1658.png;Severe1862.png;Severe2022.png;Severe2050.png
EXACT-0413,3c4d85a310627aa2e4bcc70f6f9dd5c5e9fa05269362e4896e479fb92ce70c14,13,Severe,False,Severe1450.png;Severe1484.png;Severe1485.png;Severe1533.png;Severe1578.png;Severe1595.png;Severe1620.png;Severe1854.png;Severe1860.png;Severe1868.png;Severe1905.png;Severe2005.png;Severe2074.png,Severe1450.png;Severe1484.png;Severe1485.png;Severe1533.png;Severe1578.png;Severe1595.png;Severe1620.png;Severe1854.png;Severe1860.png;Severe1868.png;Severe1905.png;Severe2005.png;Severe2074.png
EXACT-0414,4106a92a60453d98249b33046f52755acbae9c58cb9ab962c42ad71f3f3f7ece,5,Severe,False,Severe1451.png;Severe1827.png;Severe1976.png;Severe1984.png;Severe1996.png,Severe1451.png;Severe1827.png;Severe1976.png;Severe1984.png;Severe1996.png
EXACT-0415,66985ca01cb0d760275a20faac3f96676842a5d699494a2fe1aa2a5972933fc0,3,Severe,False,Severe1452.png;Severe1799.png;Severe1871.png,Severe1452.png;Severe1799.png;Severe1871.png
EXACT-0416,656815567938847a8a3711aa1fc280110ef57142fff0128ff2ad3a44bb03141a,7,Severe,False,Severe1454.png;Severe1458.png;Severe1647.png;Severe1697.png;Severe1753.png;Severe1837.png;Severe1962.png,Severe1454.png;Severe1458.png;Severe1647.png;Severe1697.png;Severe1753.png;Severe1837.png;Severe1962.png
EXACT-0417,9d31b6948117d958db0ccaa3d8d52e959507c6af63b958f5e07d7fdbe21622fe,11,Severe,False,Severe1465.png;Severe1593.png;Severe1618.png;Severe1653.png;Severe1699.png;Severe1752.png;Severe1828.png;Severe1842.png;Severe1992.png;Severe2008.png;Severe2019.png,Severe1465.png;Severe1593.png;Severe1618.png;Severe1653.png;Severe1699.png;Severe1752.png;Severe1828.png;Severe1842.png;Severe1992.png;Severe2008.png;Severe2019.png
EXACT-0418,5f972ae50057523fdc4e763e061b159d46603de6a6161f11c94b375a81a79022,6,Severe,False,Severe1466.png;Severe1619.png;Severe1696.png;Severe1824.png;Severe1979.png;Severe2090.png,Severe1466.png;Severe1619.png;Severe1696.png;Severe1824.png;Severe1979.png;Severe2090.png
EXACT-0419,f49741f1ca3bfce3600ad81ef86d0eb572ee72459c3d55d790d8b3b3ad97162b,8,Severe,False,Severe1471.png;Severe1475.png;Severe1660.png;Severe1685.png;Severe1883.png;Severe1926.png;Severe2020.png;Severe2082.png,Severe1471.png;Severe1475.png;Severe1660.png;Severe1685.png;Severe1883.png;Severe1926.png;Severe2020.png;Severe2082.png
EXACT-0420,ec7cb138314c129a0af50f370631ef217d3676f0f36268f4b499919ea00778c2,12,Severe,False,Severe1477.png;Severe1507.png;Severe1547.png;Severe1682.png;Severe1735.png;Severe1741.png;Severe1896.png;Severe1898.png;Severe1909.png;Severe1933.png;Severe1972.png;Severe2046.png,Severe1477.png;Severe1507.png;Severe1547.png;Severe1682.png;Severe1735.png;Severe1741.png;Severe1896.png;Severe1898.png;Severe1909.png;Severe1933.png;Severe1972.png;Severe2046.png
EXACT-0421,04eb32a9a6fa26d0a1da33938a03780094dc55e1c88de48a00ffadfeb25ab514,13,Severe,False,Severe1478.png;Severe1479.png;Severe1616.png;Severe1701.png;Severe1703.png;Severe1724.png;Severe1760.png;Severe1783.png;Severe1861.png;Severe1982.png;Severe1991.png;Severe2034.png;Severe2049.png,Severe1478.png;Severe1479.png;Severe1616.png;Severe1701.png;Severe1703.png;Severe1724.png;Severe1760.png;Severe1783.png;Severe1861.png;Severe1982.png;Severe1991.png;Severe2034.png;Severe2049.png
EXACT-0422,ee53adcb5ae859417d4bb4b4dbd3698fcd83a34a353e61ce7d8aebef7c67f7c9,3,Severe,False,Severe1482.png;Severe1890.png;Severe1953.png,Severe1482.png;Severe1890.png;Severe1953.png
EXACT-0423,21ebe9f8fb194c816a3477d2016ee9e2c6e5487ee06dbc555fa94716400e0bd9,4,Severe,False,Severe1483.png;Severe1516.png;Severe1601.png;Severe1706.png,Severe1483.png;Severe1516.png;Severe1601.png;Severe1706.png
EXACT-0424,8f066c43e3b6e995dc00968f3bd1d0f5a37b210ebb269d4364f1c44ddd9ecc4f,10,Severe,False,Severe1487.png;Severe1679.png;Severe1730.png;Severe1844.png;Severe1889.png;Severe1965.png;Severe1970.png;Severe2006.png;Severe2011.png;Severe2077.png,Severe1487.png;Severe1679.png;Severe1730.png;Severe1844.png;Severe1889.png;Severe1965.png;Severe1970.png;Severe2006.png;Severe2011.png;Severe2077.png
EXACT-0425,3730d25b8f5f2e89bccfb661a2c3c3842f28a236d1ce983ed7bfc14847d2c82b,5,Severe,False,Severe1491.png;Severe1645.png;Severe1780.png;Severe1914.png;Severe2031.png,Severe1491.png;Severe1645.png;Severe1780.png;Severe1914.png;Severe2031.png
EXACT-0426,7d0575cc2d71021238adc73e1ec64c32871790c161bab7bc06a8cab84c0e96a8,5,Severe,False,Severe1498.png;Severe1527.png;Severe1536.png;Severe1859.png;Severe1934.png,Severe1498.png;Severe1527.png;Severe1536.png;Severe1859.png;Severe1934.png
EXACT-0427,424919f221d0d5d6814ea6d7751a55764b031e91a5a1aada82c62246d4a47436,9,Severe,False,Severe1501.png;Severe1522.png;Severe1755.png;Severe1810.png;Severe1887.png;Severe1911.png;Severe1949.png;Severe1951.png;Severe2037.png,Severe1501.png;Severe1522.png;Severe1755.png;Severe1810.png;Severe1887.png;Severe1911.png;Severe1949.png;Severe1951.png;Severe2037.png
EXACT-0428,bbc4727ab6ccad1c325f80338d8b8866bd574e9581f3318d9f777d53c3f6e2b7,7,Severe,False,Severe1502.png;Severe1526.png;Severe1662.png;Severe1670.png;Severe1852.png;Severe1960.png;Severe1999.png,Severe1502.png;Severe1526.png;Severe1662.png;Severe1670.png;Severe1852.png;Severe1960.png;Severe1999.png
EXACT-0429,e4af2d46cf21e00f3f853694a0181bda2182bbbf21dbde34b372f1cab3c31ff0,6,Severe,False,Severe1508.png;Severe1744.png;Severe1759.png;Severe1974.png;Severe2081.png;Severe2084.png,Severe1508.png;Severe1744.png;Severe1759.png;Severe1974.png;Severe2081.png;Severe2084.png
EXACT-0430,957e1cb5f063a85a6bd4054a3d0f8b8c29596386042057d3b2908a52b20481dd,8,Severe,False,Severe1513.png;Severe1518.png;Severe1632.png;Severe1689.png;Severe1836.png;Severe1865.png;Severe1921.png;Severe1929.png,Severe1513.png;Severe1518.png;Severe1632.png;Severe1689.png;Severe1836.png;Severe1865.png;Severe1921.png;Severe1929.png
EXACT-0431,de809056cab31215a33435201d3bcc35b28c33e7b73ed0d18d8976bade2fd99f,4,Severe,False,Severe1514.png;Severe1562.png;Severe1625.png;Severe1664.png,Severe1514.png;Severe1562.png;Severe1625.png;Severe1664.png
EXACT-0432,f86858ad5dd2f6931211ed7fad0162123dc3efc24e7b8098108afc0d73168484,7,Severe,False,Severe1528.png;Severe1579.png;Severe1698.png;Severe1850.png;Severe1851.png;Severe2012.png;Severe2014.png,Severe1528.png;Severe1579.png;Severe1698.png;Severe1850.png;Severe1851.png;Severe2012.png;Severe2014.png
EXACT-0433,45fc143092173eaaac0e7e88895f381a75dc7922a9b9bb02dd6558239571170f,8,Severe,False,Severe1529.png;Severe1552.png;Severe1566.png;Severe1617.png;Severe1825.png;Severe1832.png;Severe1928.png;Severe2080.png,Severe1529.png;Severe1552.png;Severe1566.png;Severe1617.png;Severe1825.png;Severe1832.png;Severe1928.png;Severe2080.png
EXACT-0434,f66ccbbec79a45ecddcd0f7d248b8a7cae9f76a1f04c6b266b14628099c0339b,8,Severe,False,Severe1530.png;Severe1557.png;Severe1623.png;Severe1704.png;Severe1726.png;Severe1915.png;Severe1952.png;Severe2052.png,Severe1530.png;Severe1557.png;Severe1623.png;Severe1704.png;Severe1726.png;Severe1915.png;Severe1952.png;Severe2052.png
EXACT-0435,75eda04f0d7d46bb8ffa62a1b91f6ac75d5f23e6a76cd545503b0ea89a9e5026,3,Severe,False,Severe1535.png;Severe1577.png;Severe1966.png,Severe1535.png;Severe1577.png;Severe1966.png
EXACT-0436,1438662b7c834ed4179967c61cbb507e0f1fda088106c2988b8925f123c07e15,4,Severe,False,Severe1537.png;Severe1565.png;Severe1610.png;Severe1899.png,Severe1537.png;Severe1565.png;Severe1610.png;Severe1899.png
EXACT-0437,89c9802b2a0aa8e0e509e48ed4e14cbabdb1b58cfa38f6be775de123bc66ee87,11,Severe,False,Severe1542.png;Severe1586.png;Severe1622.png;Severe1736.png;Severe1839.png;Severe1846.png;Severe1886.png;Severe1938.png;Severe1967.png;Severe2000.png;Severe2085.png,Severe1542.png;Severe1586.png;Severe1622.png;Severe1736.png;Severe1839.png;Severe1846.png;Severe1886.png;Severe1938.png;Severe1967.png;Severe2000.png;Severe2085.png
EXACT-0438,ed52e3ae8fdb6dcaca7661974376de5b70f4d938205570577936f003ce1dd721,2,Severe,False,Severe1546.png;Severe1971.png,Severe1546.png;Severe1971.png
EXACT-0439,3911b84b9b3f2c7fc9da05b94878af3e860bc59b274a9a1933e9c93231b70922,6,Severe,False,Severe1553.png;Severe1564.png;Severe1687.png;Severe1913.png;Severe2025.png;Severe2051.png,Severe1553.png;Severe1564.png;Severe1687.png;Severe1913.png;Severe2025.png;Severe2051.png
EXACT-0440,4c3e22d952aaa7a0de113ef84561471fa25ab097492251955077732534d8bac2,5,Severe,False,Severe1554.png;Severe1575.png;Severe1589.png;Severe1615.png;Severe1666.png,Severe1554.png;Severe1575.png;Severe1589.png;Severe1615.png;Severe1666.png
EXACT-0441,1208ba333e24d97cf943d36730cc475e01731b8351204d55426dfaa102add27b,7,Severe,False,Severe1556.png;Severe1609.png;Severe1665.png;Severe1688.png;Severe1782.png;Severe1946.png;Severe2056.png,Severe1556.png;Severe1609.png;Severe1665.png;Severe1688.png;Severe1782.png;Severe1946.png;Severe2056.png
EXACT-0442,a7835f8cbea03606fdd5bc01376a48c0540b0d849e657cc559124a7bbfa87f9a,6,Severe,False,Severe1561.png;Severe1576.png;Severe1809.png;Severe1818.png;Severe1912.png;Severe1925.png,Severe1561.png;Severe1576.png;Severe1809.png;Severe1818.png;Severe1912.png;Severe1925.png
EXACT-0443,57fb7674ea79f9676ee45244a54c780c480a0e5ae5c06f215ace11e68e285ffb,11,Severe,False,Severe1574.png;Severe1588.png;Severe1626.png;Severe1638.png;Severe1686.png;Severe1789.png;Severe1835.png;Severe2002.png;Severe2016.png;Severe2035.png;Severe2064.png,Severe1574.png;Severe1588.png;Severe1626.png;Severe1638.png;Severe1686.png;Severe1789.png;Severe1835.png;Severe2002.png;Severe2016.png;Severe2035.png;Severe2064.png
EXACT-0444,9938ad1a44d282371ba5bd1fe28c2f973a3fb2245f4841cbb266f6a8a0cb1b1c,8,Severe,False,Severe1592.png;Severe1673.png;Severe1732.png;Severe1733.png;Severe1968.png;Severe2003.png;Severe2033.png;Severe2048.png,Severe1592.png;Severe1673.png;Severe1732.png;Severe1733.png;Severe1968.png;Severe2003.png;Severe2033.png;Severe2048.png
EXACT-0445,d81e0f93c596c62710cd8db1534f4e90eb32b9c7cfc83e3b8a65eb99b76b68ac,9,Severe,False,Severe1594.png;Severe1634.png;Severe1655.png;Severe1675.png;Severe1888.png;Severe1963.png;Severe1994.png;Severe2036.png;Severe2039.png,Severe1594.png;Severe1634.png;Severe1655.png;Severe1675.png;Severe1888.png;Severe1963.png;Severe1994.png;Severe2036.png;Severe2039.png
EXACT-0446,9db8d6690e6cd3a2d10ddbe3deab8127f5a5c6de0d8f64bda49fb4f2ff0663a3,2,Severe,False,Severe1602.png;Severe2040.png,Severe1602.png;Severe2040.png
EXACT-0447,a07bb1cbb494eea13aff30ef89bb6cf2289f8cfed4575d9d459ed2d66fee05cd,10,Severe,False,Severe1633.png;Severe1663.png;Severe1678.png;Severe1787.png;Severe1814.png;Severe1866.png;Severe1881.png;Severe1981.png;Severe1990.png;Severe2089.png,Severe1633.png;Severe1663.png;Severe1678.png;Severe1787.png;Severe1814.png;Severe1866.png;Severe1881.png;Severe1981.png;Severe1990.png;Severe2089.png
EXACT-0448,d230e1550ad7da104e6291215290b9183fedd13be24c2e81d0920f48d83642e3,7,Severe,False,Severe1635.png;Severe1772.png;Severe1775.png;Severe1930.png;Severe1939.png;Severe1989.png;Severe2021.png,Severe1635.png;Severe1772.png;Severe1775.png;Severe1930.png;Severe1939.png;Severe1989.png;Severe2021.png
EXACT-0449,bb799b218b7a8e744be3fa0406deab171728c40baa80e19922872b901c1c7874,4,Severe,False,Severe1636.png;Severe1707.png;Severe1879.png;Severe1884.png,Severe1636.png;Severe1707.png;Severe1879.png;Severe1884.png
EXACT-0450,d2a1f18f3c05c50005dddaccfbd2fc0cdfe93b0e650f4c9272870e020610305d,7,Severe,False,Severe1641.png;Severe1764.png;Severe1833.png;Severe1903.png;Severe1947.png;Severe2059.png;Severe2087.png,Severe1641.png;Severe1764.png;Severe1833.png;Severe1903.png;Severe1947.png;Severe2059.png;Severe2087.png
EXACT-0451,f5d1a1a1f59bf8849b8d412b294bec0d41367184abbfdd02f62678f0b853d051,4,Severe,False,Severe1692.png;Severe1728.png;Severe1803.png;Severe2078.png,Severe1692.png;Severe1728.png;Severe1803.png;Severe2078.png
EXACT-0452,966c4b332aff408cba3b1b73f6524492c006b81801a36f35bbd16ffae4dcd227,6,Severe,False,Severe1693.png;Severe1768.png;Severe1843.png;Severe1858.png;Severe1948.png;Severe2065.png,Severe1693.png;Severe1768.png;Severe1843.png;Severe1858.png;Severe1948.png;Severe2065.png
EXACT-0453,436313467fdd9112e34217ccca9525c1fa6891b20f974c26d6ad5936ba4226c1,12,Severe,False,Severe1709.png;Severe1727.png;Severe1756.png;Severe1797.png;Severe1802.png;Severe1943.png;Severe2001.png;Severe2030.png;Severe2041.png;Severe2055.png;Severe2057.png;Severe2066.png,Severe1709.png;Severe1727.png;Severe1756.png;Severe1797.png;Severe1802.png;Severe1943.png;Severe2001.png;Severe2030.png;Severe2041.png;Severe2055.png;Severe2057.png;Severe2066.png
EXACT-0454,f3c87f14b0f762bdc8156a57c2055e532e46db8aac46f2061db7e9036862a071,6,Severe,False,Severe1723.png;Severe1757.png;Severe1778.png;Severe1781.png;Severe1807.png;Severe1956.png,Severe1723.png;Severe1757.png;Severe1778.png;Severe1781.png;Severe1807.png;Severe1956.png
EXACT-0455,2ed5b77666f5718cfa5337e171b8dbd3e83ce8a4de4232b5a4721fc3e6d3668a,5,Severe,False,Severe1895.png;Severe1902.png;Severe1955.png;Severe2009.png;Severe2068.png,Severe1895.png;Severe1902.png;Severe1955.png;Severe2009.png;Severe2068.png
EXACT-0456,ea9392211015156c6536d4e146b59e64e66c571a39c3be5ccb0626f65c7ad8ef,3,Severe,False,Severe1977.png;Severe1988.png;Severe2013.png,Severe1977.png;Severe1988.png;Severe2013.png
