filename,class,exclusion_reason,exact_duplicate_group,near_duplicate_group,conflicting_classes,sha256,perceptual_hash,absolute_path
Mild_106.png,Mild,CROSS_CLASS_EXACT_DUPLICATE_CONFLICT,EXACT-0001,ND-CONFLICT-0005,Mild;Normal,cf0decc97e5f837e8fb407fc33383b47dc401e442fd6d13ef6ce401534072a2f,42666779332e2f4d,C:\Users\Ashutosh Verma\OneDrive\Desktop\VET VISION AI\data\lsd\LumpySkinDisease_DataHub\LumpySkinDisease_DataHub\data-processed\lumpy_unbalanced\lumpy\Mild_106.png
Mild_161.png,Mild,CROSS_CLASS_EXACT_DUPLICATE_CONFLICT,EXACT-0002,ND-CONFLICT-0012,Mild;Normal,2999ccc06334fa3fc2fd80bf81e0b9a61a7821091263f30ed4f0cc83bbf6cc5c,4848cccc899327e3,C:\Users\Ashutosh Verma\OneDrive\Desktop\VET VISION AI\data\lsd\LumpySkinDisease_DataHub\LumpySkinDisease_DataHub\data-processed\lumpy_unbalanced\lumpy\Mild_161.png
Mild_56.png,Mild,CROSS_CLASS_EXACT_DUPLICATE_CONFLICT,EXACT-0004,,Mild;Normal,611ef573c5047bf5fdd8130b503f09aa3550fe698834d0b7b2629654aa6fc701,869a9b9b92989898,C:\Users\Ashutosh Verma\OneDrive\Desktop\VET VISION AI\data\lsd\LumpySkinDisease_DataHub\LumpySkinDisease_DataHub\data-processed\lumpy_unbalanced\lumpy\Mild_56.png
Normal_Skin_242.png,Normal,CROSS_CLASS_EXACT_DUPLICATE_CONFLICT,EXACT-0004,,Mild;Normal,611ef573c5047bf5fdd8130b503f09aa3550fe698834d0b7b2629654aa6fc701,869a9b9b92989898,C:\Users\Ashutosh Verma\OneDrive\Desktop\VET VISION AI\data\lsd\LumpySkinDisease_DataHub\LumpySkinDisease_DataHub\data-processed\lumpy_unbalanced\lumpy\Normal_Skin_242.png
Normal_Skin_429.png,Normal,CROSS_CLASS_EXACT_DUPLICATE_CONFLICT,EXACT-0001,ND-CONFLICT-0005,Mild;Normal,cf0decc97e5f837e8fb407fc33383b47dc401e442fd6d13ef6ce401534072a2f,42666779332e2f4d,C:\Users\Ashutosh Verma\OneDrive\Desktop\VET VISION AI\data\lsd\LumpySkinDisease_DataHub\LumpySkinDisease_DataHub\data-processed\lumpy_unbalanced\lumpy\Normal_Skin_429.png
Normal_Skin_588.png,Normal,CROSS_CLASS_EXACT_DUPLICATE_CONFLICT,EXACT-0002,ND-CONFLICT-0012,Mild;Normal,2999ccc06334fa3fc2fd80bf81e0b9a61a7821091263f30ed4f0cc83bbf6cc5c,4848cccc899327e3,C:\Users\Ashutosh Verma\OneDrive\Desktop\VET VISION AI\data\lsd\LumpySkinDisease_DataHub\LumpySkinDisease_DataHub\data-processed\lumpy_unbalanced\lumpy\Normal_Skin_588.png
Mild_102.png,Mild,CROSS_CLASS_NEAR_DUPLICATE_LABEL_CONFLICT,,ND-CONFLICT-0003,Mild;Severe,b111765c950fcb9fa0d4142eda8269a33a0202d648d9450898d84d13294045a8,c6445c4e287c1030,C:\Users\Ashutosh Verma\OneDrive\Desktop\VET VISION AI\data\lsd\LumpySkinDisease_DataHub\LumpySkinDisease_DataHub\data-processed\lumpy_unbalanced\lumpy\Mild_102.png
Mild_12.png,Mild,CROSS_CLASS_NEAR_DUPLICATE_LABEL_CONFLICT,,ND-CONFLICT-0005,Mild;Normal,a16f9eabd060a9de25b84611cf1ab59ab76db163ea29d70cca305bd8e471ebf6,42666779332e2f4d,C:\Users\Ashutosh Verma\OneDrive\Desktop\VET VISION AI\data\lsd\LumpySkinDisease_DataHub\LumpySkinDisease_DataHub\data-processed\lumpy_unbalanced\lumpy\Mild_12.png
Mild_209.png,Mild,CROSS_CLASS_NEAR_DUPLICATE_LABEL_CONFLICT,,ND-CONFLICT-0022,Mild;Normal,c4f15a2983bbb16670d9245ea00b5f2dec94cad0c35d4f51676e65af98cac5e7,b36e6e6bcd941436,C:\Users\Ashutosh Verma\OneDrive\Desktop\VET VISION AI\data\lsd\LumpySkinDisease_DataHub\LumpySkinDisease_DataHub\data-processed\lumpy_unbalanced\lumpy\Mild_209.png
Mild_214.png,Mild,CROSS_CLASS_NEAR_DUPLICATE_LABEL_CONFLICT,,ND-CONFLICT-0025,Mild;Severe,5d880457c795818350d625cc21059728478677d677c1e3b43af613e182b1e5b3,4ca43031a92c4447,C:\Users\Ashutosh Verma\OneDrive\Desktop\VET VISION AI\data\lsd\LumpySkinDisease_DataHub\LumpySkinDisease_DataHub\data-processed\lumpy_unbalanced\lumpy\Mild_214.png
Mild_216.png,Mild,CROSS_CLASS_NEAR_DUPLICATE_LABEL_CONFLICT,,ND-CONFLICT-0012,Mild;Normal,b304a20aafb36928907fa757fa164b25ce6ca815500be81763b4d7de37fdd195,4848ccccc99327e3,C:\Users\Ashutosh Verma\OneDrive\Desktop\VET VISION AI\data\lsd\LumpySkinDisease_DataHub\LumpySkinDisease_DataHub\data-processed\lumpy_unbalanced\lumpy\Mild_216.png
Mild_25.png,Mild,CROSS_CLASS_NEAR_DUPLICATE_LABEL_CONFLICT,,ND-CONFLICT-0027,Mild;Severe,b33a1673733b9cdd6aaebfca36861607af6a5b034496cd8140d36c0b71b300f1,a797e577317367e3,C:\Users\Ashutosh Verma\OneDrive\Desktop\VET VISION AI\data\lsd\LumpySkinDisease_DataHub\LumpySkinDisease_DataHub\data-processed\lumpy_unbalanced\lumpy\Mild_25.png
Mild_80.png,Mild,CROSS_CLASS_NEAR_DUPLICATE_LABEL_CONFLICT,,ND-CONFLICT-0031,Mild;Severe,d99ba83210915298e9cae6e4867043ef833e90f0092ba88b470eed48f48fb21c,1cb3ab92998b19e5,C:\Users\Ashutosh Verma\OneDrive\Desktop\VET VISION AI\data\lsd\LumpySkinDisease_DataHub\LumpySkinDisease_DataHub\data-processed\lumpy_unbalanced\lumpy\Mild_80.png
Mild_92.png,Mild,CROSS_CLASS_NEAR_DUPLICATE_LABEL_CONFLICT,,ND-CONFLICT-0032,Mild;Severe,6b43ac84ef7f56c05ab276cda086113a549539919299ce8469dfc239b38f5046,1cd2a92b92979981,C:\Users\Ashutosh Verma\OneDrive\Desktop\VET VISION AI\data\lsd\LumpySkinDisease_DataHub\LumpySkinDisease_DataHub\data-processed\lumpy_unbalanced\lumpy\Mild_92.png
Normal_Skin_347.png,Normal,CROSS_CLASS_NEAR_DUPLICATE_LABEL_CONFLICT,,ND-CONFLICT-0022,Mild;Normal,8c4c7fd0fd759688059dbb90de68dca539c3b37116e7b0ff09b13db5a469964d,b36e6e6bcd941416,C:\Users\Ashutosh Verma\OneDrive\Desktop\VET VISION AI\data\lsd\LumpySkinDisease_DataHub\LumpySkinDisease_DataHub\data-processed\lumpy_unbalanced\lumpy\Normal_Skin_347.png
Normal_Skin_5.png,Normal,CROSS_CLASS_NEAR_DUPLICATE_LABEL_CONFLICT,,ND-CONFLICT-0077,Normal;Severe,00ba71aaf465f9df3255c275902734f554a62d2665753f3e2c04b4e53f42d979,f2b0649206226276,C:\Users\Ashutosh Verma\OneDrive\Desktop\VET VISION AI\data\lsd\LumpySkinDisease_DataHub\LumpySkinDisease_DataHub\data-processed\lumpy_unbalanced\lumpy\Normal_Skin_5.png
Normal_Skin_510.png,Normal,CROSS_CLASS_NEAR_DUPLICATE_LABEL_CONFLICT,,ND-CONFLICT-0077,Normal;Severe,0a2b6d55adeb77885a1ea06095639a98232cd9f49805f965efce4da0df34298b,f2b0649206226276,C:\Users\Ashutosh Verma\OneDrive\Desktop\VET VISION AI\data\lsd\LumpySkinDisease_DataHub\LumpySkinDisease_DataHub\data-processed\lumpy_unbalanced\lumpy\Normal_Skin_510.png
Severe_11.png,Severe,CROSS_CLASS_NEAR_DUPLICATE_LABEL_CONFLICT,,ND-CONFLICT-0077,Normal;Severe,0919d184bbbb281a7ef23d5e947b9b9a9920346a710fe72510e34914229bdda4,f2b2649a06226276,C:\Users\Ashutosh Verma\OneDrive\Desktop\VET VISION AI\data\lsd\LumpySkinDisease_DataHub\LumpySkinDisease_DataHub\data-processed\lumpy_unbalanced\lumpy\Severe_11.png
Severe_16.png,Severe,CROSS_CLASS_NEAR_DUPLICATE_LABEL_CONFLICT,,ND-CONFLICT-0025,Mild;Severe,656815567938847a8a3711aa1fc280110ef57142fff0128ff2ad3a44bb03141a,4ca43031a92c4447,C:\Users\Ashutosh Verma\OneDrive\Desktop\VET VISION AI\data\lsd\LumpySkinDisease_DataHub\LumpySkinDisease_DataHub\data-processed\lumpy_unbalanced\lumpy\Severe_16.png
Severe_31.png,Severe,CROSS_CLASS_NEAR_DUPLICATE_LABEL_CONFLICT,,ND-CONFLICT-0027,Mild;Severe,66985ca01cb0d760275a20faac3f96676842a5d699494a2fe1aa2a5972933fc0,a797e577317367e3,C:\Users\Ashutosh Verma\OneDrive\Desktop\VET VISION AI\data\lsd\LumpySkinDisease_DataHub\LumpySkinDisease_DataHub\data-processed\lumpy_unbalanced\lumpy\Severe_31.png
Severe_77.png,Severe,CROSS_CLASS_NEAR_DUPLICATE_LABEL_CONFLICT,,ND-CONFLICT-0032,Mild;Severe,bc4101533c713be0fec225337e8ee2d0cf7f9e7fa2b942efe3cd567a6ebb2e7a,1cd2a92b93979983,C:\Users\Ashutosh Verma\OneDrive\Desktop\VET VISION AI\data\lsd\LumpySkinDisease_DataHub\LumpySkinDisease_DataHub\data-processed\lumpy_unbalanced\lumpy\Severe_77.png
Severe_79.png,Severe,CROSS_CLASS_NEAR_DUPLICATE_LABEL_CONFLICT,,ND-CONFLICT-0031,Mild;Severe,957e1cb5f063a85a6bd4054a3d0f8b8c29596386042057d3b2908a52b20481dd,1cf3ab92998b19e5,C:\Users\Ashutosh Verma\OneDrive\Desktop\VET VISION AI\data\lsd\LumpySkinDisease_DataHub\LumpySkinDisease_DataHub\data-processed\lumpy_unbalanced\lumpy\Severe_79.png
Severe_84.png,Severe,CROSS_CLASS_NEAR_DUPLICATE_LABEL_CONFLICT,,ND-CONFLICT-0003,Mild;Severe,ff0942d6bb4e87c2497577610b52f6e1256f41f9ba0ff212ffe2257c84d61944,c6445c4e287c10b0,C:\Users\Ashutosh Verma\OneDrive\Desktop\VET VISION AI\data\lsd\LumpySkinDisease_DataHub\LumpySkinDisease_DataHub\data-processed\lumpy_unbalanced\lumpy\Severe_84.png
Mild_206.png,Mild,EXACT_DUPLICATE_SAME_CLASS,EXACT-0003,,Mild,ceac74a3c8234924b62fe6b36693eba7d9cbed504f87a99ab24184dafa93d2e1,b8bcacbc1c1a1e4c,C:\Users\Ashutosh Verma\OneDrive\Desktop\VET VISION AI\data\lsd\LumpySkinDisease_DataHub\LumpySkinDisease_DataHub\data-processed\lumpy_unbalanced\lumpy\Mild_206.png
Severe_90.png,Severe,EXACT_DUPLICATE_SAME_CLASS,EXACT-0005,ND-SAME-0106,Severe,ae48828d131be574247cee70715c97c59c6fd8a5538441b1bc13a1244f73f3b5,b1237330929a2b0a,C:\Users\Ashutosh Verma\OneDrive\Desktop\VET VISION AI\data\lsd\LumpySkinDisease_DataHub\LumpySkinDisease_DataHub\data-processed\lumpy_unbalanced\lumpy\Severe_90.png
