component_id,component_type,class_or_classes,image_count,is_cross_class_conflict,filenames
ND-SAME-0001,SAME_CLASS,Mild,2,False,Mild_10.png;Mild_147.png
ND-SAME-0002,SAME_CLASS,Mild,3,False,Mild_100.png;Mild_228.png;Mild_54.png
ND-CONFLICT-0003,CROSS_CLASS_CONFLICT,Mild;Severe,2,True,Mild_102.png;Severe_84.png
ND-SAME-0004,SAME_CLASS,Mild,2,False,Mild_105.png;Mild_32.png
ND-CONFLICT-0005,CROSS_CLASS_CONFLICT,Mild;Normal,3,True,Mild_106.png;Mild_12.png;Normal_Skin_429.png
ND-SAME-0006,SAME_CLASS,Mild,2,False,Mild_122.png;Mild_17.png
ND-SAME-0007,SAME_CLASS,Mild,2,False,Mild_123.png;Mild_7.png
ND-SAME-0008,SAME_CLASS,Mild,2,False,Mild_15.png;Mild_84.png
ND-SAME-0009,SAME_CLASS,Mild,2,False,Mild_156.png;Mild_218.png
ND-SAME-0010,SAME_CLASS,Mild,2,False,Mild_157.png;Mild_213.png
ND-SAME-0011,SAME_CLASS,Mild,3,False,Mild_16.png;Mild_27.png;Mild_40.png
ND-CONFLICT-0012,CROSS_CLASS_CONFLICT,Mild;Normal,3,True,Mild_161.png;Mild_216.png;Normal_Skin_588.png
ND-SAME-0013,SAME_CLASS,Mild,2,False,Mild_167.png;Mild_222.png
ND-SAME-0014,SAME_CLASS,Mild,2,False,Mild_178.png;Mild_208.png
ND-SAME-0015,SAME_CLASS,Mild,2,False,Mild_179.png;Mild_29.png
ND-SAME-0016,SAME_CLASS,Mild,2,False,Mild_186.png;Mild_224.png
ND-SAME-0017,SAME_CLASS,Mild,2,False,Mild_19.png;Mild_57.png
ND-SAME-0018,SAME_CLASS,Mild,2,False,Mild_190.png;Mild_33.png
ND-SAME-0019,SAME_CLASS,Mild,2,False,Mild_191.png;Mild_215.png
ND-SAME-0020,SAME_CLASS,Mild,2,False,Mild_198.png;Mild_212.png
ND-SAME-0021,SAME_CLASS,Mild,2,False,Mild_20.png;Mild_71.png
ND-CONFLICT-0022,CROSS_CLASS_CONFLICT,Mild;Normal,2,True,Mild_209.png;Normal_Skin_347.png
ND-SAME-0023,SAME_CLASS,Mild,2,False,Mild_210.png;Mild_68.png
ND-SAME-0024,SAME_CLASS,Mild,2,False,Mild_211.png;Mild_43.png
ND-CONFLICT-0025,CROSS_CLASS_CONFLICT,Mild;Severe,2,True,Mild_214.png;Severe_16.png
ND-SAME-0026,SAME_CLASS,Mild,2,False,Mild_220.png;Mild_76.png
ND-CONFLICT-0027,CROSS_CLASS_CONFLICT,Mild;Severe,2,True,Mild_25.png;Severe_31.png
ND-SAME-0028,SAME_CLASS,Mild,2,False,Mild_3.png;Mild_58.png
ND-SAME-0029,SAME_CLASS,Mild,2,False,Mild_30.png;Mild_97.png
ND-SAME-0030,SAME_CLASS,Mild,2,False,Mild_6.png;Mild_96.png
ND-CONFLICT-0031,CROSS_CLASS_CONFLICT,Mild;Severe,2,True,Mild_80.png;Severe_79.png
ND-CONFLICT-0032,CROSS_CLASS_CONFLICT,Mild;Severe,2,True,Mild_92.png;Severe_77.png
ND-SAME-0033,SAME_CLASS,Normal,2,False,Normal_Skin_100.png;Normal_Skin_158.png
ND-SAME-0034,SAME_CLASS,Normal,2,False,Normal_Skin_101.png;Normal_Skin_475.png
ND-SAME-0035,SAME_CLASS,Normal,2,False,Normal_Skin_105.png;Normal_Skin_304.png
ND-SAME-0036,SAME_CLASS,Normal,2,False,Normal_Skin_114.png;Normal_Skin_400.png
ND-SAME-0037,SAME_CLASS,Normal,2,False,Normal_Skin_118.png;Normal_Skin_178.png
ND-SAME-0038,SAME_CLASS,Normal,2,False,Normal_Skin_121.png;Normal_Skin_405.png
ND-SAME-0039,SAME_CLASS,Normal,2,False,Normal_Skin_122.png;Normal_Skin_263.png
ND-SAME-0040,SAME_CLASS,Normal,2,False,Normal_Skin_125.png;Normal_Skin_168.png
ND-SAME-0041,SAME_CLASS,Normal,2,False,Normal_Skin_127.png;Normal_Skin_166.png
ND-SAME-0042,SAME_CLASS,Normal,2,False,Normal_Skin_132.png;Normal_Skin_541.png
ND-SAME-0043,SAME_CLASS,Normal,2,False,Normal_Skin_133.png;Normal_Skin_172.png
ND-SAME-0044,SAME_CLASS,Normal,2,False,Normal_Skin_135.png;Normal_Skin_170.png
ND-SAME-0045,SAME_CLASS,Normal,2,False,Normal_Skin_138.png;Normal_Skin_626.png
ND-SAME-0046,SAME_CLASS,Normal,2,False,Normal_Skin_142.png;Normal_Skin_505.png
ND-SAME-0047,SAME_CLASS,Normal,2,False,Normal_Skin_143.png;Normal_Skin_159.png
ND-SAME-0048,SAME_CLASS,Normal,2,False,Normal_Skin_148.png;Normal_Skin_577.png
ND-SAME-0049,SAME_CLASS,Normal,2,False,Normal_Skin_149.png;Normal_Skin_415.png
ND-SAME-0050,SAME_CLASS,Normal,2,False,Normal_Skin_153.png;Normal_Skin_708.png
ND-SAME-0051,SAME_CLASS,Normal,2,False,Normal_Skin_154.png;Normal_Skin_91.png
ND-SAME-0052,SAME_CLASS,Normal,2,False,Normal_Skin_155.png;Normal_Skin_98.png
ND-SAME-0053,SAME_CLASS,Normal,2,False,Normal_Skin_156.png;Normal_Skin_30.png
ND-SAME-0054,SAME_CLASS,Normal,2,False,Normal_Skin_157.png;Normal_Skin_656.png
ND-SAME-0055,SAME_CLASS,Normal,2,False,Normal_Skin_160.png;Normal_Skin_7.png
ND-SAME-0056,SAME_CLASS,Normal,2,False,Normal_Skin_162.png;Normal_Skin_69.png
ND-SAME-0057,SAME_CLASS,Normal,2,False,Normal_Skin_163.png;Normal_Skin_713.png
ND-SAME-0058,SAME_CLASS,Normal,2,False,Normal_Skin_164.png;Normal_Skin_84.png
ND-SAME-0059,SAME_CLASS,Normal,2,False,Normal_Skin_171.png;Normal_Skin_54.png
ND-SAME-0060,SAME_CLASS,Normal,2,False,Normal_Skin_173.png;Normal_Skin_78.png
ND-SAME-0061,SAME_CLASS,Normal,2,False,Normal_Skin_174.png;Normal_Skin_715.png
ND-SAME-0062,SAME_CLASS,Normal,2,False,Normal_Skin_175.png;Normal_Skin_659.png
ND-SAME-0063,SAME_CLASS,Normal,2,False,Normal_Skin_176.png;Normal_Skin_79.png
ND-SAME-0064,SAME_CLASS,Normal,2,False,Normal_Skin_202.png;Normal_Skin_340.png
ND-SAME-0065,SAME_CLASS,Normal,2,False,Normal_Skin_207.png;Normal_Skin_87.png
ND-SAME-0066,SAME_CLASS,Normal,2,False,Normal_Skin_221.png;Normal_Skin_89.png
ND-SAME-0067,SAME_CLASS,Normal,2,False,Normal_Skin_231.png;Normal_Skin_652.png
ND-SAME-0068,SAME_CLASS,Normal,2,False,Normal_Skin_240.png;Normal_Skin_44.png
ND-SAME-0069,SAME_CLASS,Normal,2,False,Normal_Skin_249.png;Normal_Skin_90.png
ND-SAME-0070,SAME_CLASS,Normal,2,False,Normal_Skin_267.png;Normal_Skin_59.png
ND-SAME-0071,SAME_CLASS,Normal,2,False,Normal_Skin_27.png;Normal_Skin_598.png
ND-SAME-0072,SAME_CLASS,Normal,2,False,Normal_Skin_294.png;Normal_Skin_64.png
ND-SAME-0073,SAME_CLASS,Normal,2,False,Normal_Skin_3.png;Normal_Skin_303.png
ND-SAME-0074,SAME_CLASS,Normal,2,False,Normal_Skin_373.png;Normal_Skin_83.png
ND-SAME-0075,SAME_CLASS,Normal,2,False,Normal_Skin_401.png;Normal_Skin_82.png
ND-SAME-0076,SAME_CLASS,Normal,2,False,Normal_Skin_473.png;Normal_Skin_57.png
ND-CONFLICT-0077,CROSS_CLASS_CONFLICT,Normal;Severe,3,True,Normal_Skin_5.png;Normal_Skin_510.png;Severe_11.png
ND-SAME-0078,SAME_CLASS,Normal,2,False,Normal_Skin_509.png;Normal_Skin_73.png
ND-SAME-0079,SAME_CLASS,Normal,2,False,Normal_Skin_512.png;Normal_Skin_662.png
ND-SAME-0080,SAME_CLASS,Normal,2,False,Normal_Skin_530.png;Normal_Skin_648.png
ND-SAME-0081,SAME_CLASS,Normal,2,False,Normal_Skin_531.png;Normal_Skin_60.png
ND-SAME-0082,SAME_CLASS,Normal,2,False,Normal_Skin_543.png;Normal_Skin_9.png
ND-SAME-0083,SAME_CLASS,Normal,2,False,Normal_Skin_565.png;Normal_Skin_712.png
ND-SAME-0084,SAME_CLASS,Normal,2,False,Normal_Skin_575.png;Normal_Skin_61.png
ND-SAME-0085,SAME_CLASS,Normal,2,False,Normal_Skin_590.png;Normal_Skin_66.png
ND-SAME-0086,SAME_CLASS,Normal,2,False,Normal_Skin_621.png;Normal_Skin_685.png
ND-SAME-0087,SAME_CLASS,Normal,2,False,Normal_Skin_628.png;Normal_Skin_74.png
ND-SAME-0088,SAME_CLASS,Normal,2,False,Normal_Skin_630.png;Normal_Skin_698.png
ND-SAME-0089,SAME_CLASS,Normal,2,False,Normal_Skin_632.png;Normal_Skin_707.png
ND-SAME-0090,SAME_CLASS,Severe,2,False,Severe_1.png;Severe_48.png
ND-SAME-0091,SAME_CLASS,Severe,2,False,Severe_13.png;Severe_4.png
ND-SAME-0092,SAME_CLASS,Severe,2,False,Severe_14.png;Severe_5.png
ND-SAME-0093,SAME_CLASS,Severe,2,False,Severe_15.png;Severe_76.png
ND-SAME-0094,SAME_CLASS,Severe,2,False,Severe_17.png;Severe_78.png
ND-SAME-0095,SAME_CLASS,Severe,2,False,Severe_18.png;Severe_2.png
ND-SAME-0096,SAME_CLASS,Severe,2,False,Severe_19.png;Severe_81.png
ND-SAME-0097,SAME_CLASS,Severe,2,False,Severe_20.png;Severe_3.png
ND-SAME-0098,SAME_CLASS,Severe,2,False,Severe_36.png;Severe_83.png
ND-SAME-0099,SAME_CLASS,Severe,2,False,Severe_37.png;Severe_88.png
ND-SAME-0100,SAME_CLASS,Severe,2,False,Severe_39.png;Severe_85.png
ND-SAME-0101,SAME_CLASS,Severe,2,False,Severe_43.png;Severe_71.png
ND-SAME-0102,SAME_CLASS,Severe,2,False,Severe_51.png;Severe_80.png
ND-SAME-0103,SAME_CLASS,Severe,2,False,Severe_6.png;Severe_70.png
ND-SAME-0104,SAME_CLASS,Severe,2,False,Severe_64.png;Severe_91.png
ND-SAME-0105,SAME_CLASS,Severe,2,False,Severe_67.png;Severe_7.png
ND-SAME-0106,SAME_CLASS,Severe,3,False,Severe_72.png;Severe_89.png;Severe_90.png
